seed,state_idx,ego_id,neighbor_id,learned_score,oracle_score,learned_signed,learned_direction_row_aipw,oracle_signed,learned_range,oracle_range,oracle_q_nonconstant,oracle_q_distinct_levels,observed_action_probability,policy_support_entropy,valid_action_count,target_policy_l1_to_uniform,q_centered_rmse,q_centered_mae,abs_error,signed_error,capacity_abs_error,direction_abs_error,proxy_sigma,capacity_sigma,direction_sigma,dr_applied
3001,0,0,1,0.026924094185233116,0.02999999839812517,0.004913236480206251,0.004913236480206251,6.44761778689773e-11,0.026924094185233116,0.02999999839812517,1,3,0.9076921939849854,0.20944694064039504,13,1.661538353333106,0.008924418619410722,0.007638739231841629,0.0030759042128920555,0.004913236415730073,0.0030759042128920555,0.004913236415730073,0.006721059791743755,0.009777038358151913,0.006721059791743755,0
3001,0,0,2,0.017828065901994705,0.0,0.006248423829674721,0.006248423829674721,0.0,0.017828065901994705,0.0,0,1,0.9076921939849854,0.20944694064039504,13,1.6615383533331063,0.0061496980317282,0.00541979207288055,0.017828065901994705,0.006248423829674721,0.017828065901994705,0.006248423829674721,0.006059881765395403,0.007375375833362341,0.006059881765395403,0
3001,0,0,3,0.02148139476776123,0.0,0.005620721727609634,0.005620721727609634,0.0,0.02148139476776123,0.0,0,1,0.9076923131942749,0.2094469155167731,13,1.661538461366525,0.0074064161108005466,0.006456218042669918,0.02148139476776123,0.005620721727609634,0.02148139476776123,0.005620721727609634,0.004668513312935829,0.007690490689128637,0.004668513312935829,0
3001,0,0,4,0.022378455847501755,0.011999998241662979,0.01034702267497778,0.01034702267497778,3.469446951953614e-18,0.022378455847501755,0.011999998241662979,1,3,0.007692307233810425,0.20944694064039504,13,1.661538353333106,0.006104693876569773,0.004708637400756221,0.010378457605838776,0.010347022674977776,0.010378457605838776,0.010347022674977776,0.007142255548387766,0.009070159867405891,0.007142255548387766,0
3001,0,0,5,0.02823733165860176,0.0,0.0024781657848507166,0.0024781657848507166,0.0,0.02823733165860176,0.0,0,1,0.9076921939849854,0.20944694064039504,13,1.661538353333106,0.007413511524380452,0.005647483958240004,0.02823733165860176,0.0024781657848507166,0.02823733165860176,0.0024781657848507166,0.009054994210600853,0.010179881937801838,0.009054994210600853,0
3001,0,1,0,0.019465072080492973,0.012000000104308128,-0.003127124859020114,-0.003127124859020114,0.0,0.019465072080492973,0.012000000104308128,1,3,0.9076921939849854,0.20944694064039504,13,1.661538353333106,0.0054385993797963095,0.004648752507792246,0.007465071976184845,-0.003127124859020114,0.007465071976184845,0.003127124859020114,0.004993690177798271,0.010700063779950142,0.004993690177798271,0
3001,0,1,2,0.018411843106150627,0.0,-0.0033219316974282265,-0.0033219316974282265,0.0,0.018411843106150627,0.0,0,1,0.9076921939849854,0.20944694064039504,13,1.6615383533331063,0.005575754731488049,0.0049471045629336284,0.018411843106150627,-0.0033219316974282265,0.018411843106150627,0.0033219316974282265,0.006559766363352537,0.018256664276123047,0.006559766363352537,0
3001,0,1,3,0.018983962014317513,0.029999999329447746,-0.0047667380422353745,-0.0047667380422353745,0.002076923018894517,0.018983962014317513,0.029999999329447746,1,2,0.9076923131942749,0.2094469155167731,13,1.661538461366525,0.009940023953583002,0.006813566393312618,0.011016037315130234,-0.006843661061129892,0.011016037315130234,0.006843661061129892,0.006919736973941326,0.012086798436939716,0.006919736973941326,0
3001,0,1,4,0.019167069345712662,0.012000000104308128,0.009455886669456959,0.009455886669456959,0.0,0.019167069345712662,0.012000000104308128,1,3,0.007692307233810425,0.20944694064039504,13,1.661538353333106,0.005662207907036179,0.004414775436358339,0.007167069241404533,0.009455886669456959,0.007167069241404533,0.009455886669456959,0.009949574247002602,0.011033216491341591,0.009949574247002602,0
3001,0,1,5,0.015994125977158546,0.0,0.002076575765386224,0.002076575765386224,0.0,0.015994125977158546,0.0,0,1,0.9076921939849854,0.20944694064039504,13,1.661538353333106,0.004848058922069146,0.004002637318032381,0.015994125977158546,0.002076575765386224,0.015994125977158546,0.002076575765386224,0.008348332718014717,0.011585401371121407,0.008348332718014717,0
3001,0,2,0,0.02034999057650566,0.0,-0.0022690938785672188,-0.0022690938785672188,0.0,0.02034999057650566,0.0,0,1,0.9076921939849854,0.20944694064039504,13,1.661538353333106,0.005576267723676116,0.004636959563534343,0.02034999057650566,-0.0022690938785672188,0.02034999057650566,0.0022690938785672188,0.011197025887668133,0.009289384819567204,0.011197025887668133,0
3001,0,2,1,0.01679682545363903,0.0,-0.0011976861860603094,-0.0011976861860603094,0.0,0.01679682545363903,0.0,0,1,0.9076921939849854,0.20944694064039504,13,1.661538353333106,0.004799387973538994,0.003832583381799903,0.01679682545363903,-0.0011976861860603094,0.01679682545363903,0.0011976861860603094,0.006868939381092787,0.012950332835316658,0.006868939381092787,0
3001,0,2,3,0.020136931911110878,0.044999999925494194,-0.0011544040171429515,-0.0011544040171429515,-0.01142307666839602,0.020136931911110878,0.044999999925494194,1,4,0.9076923131942749,0.2094469155167731,13,1.661538461366525,0.011132709789684366,0.008415604546148132,0.024863068014383316,0.010268672651253068,0.024863068014383316,0.010268672651253068,0.0026507358998060226,0.017865486443042755,0.0026507358998060226,0
3001,0,2,4,0.02009662054479122,0.0,-0.001641518552787602,-0.001641518552787602,0.0,0.02009662054479122,0.0,0,1,0.007692307233810425,0.20944694064039504,13,1.661538353333106,0.005558808247861257,0.004639538444823878,0.02009662054479122,-0.001641518552787602,0.02009662054479122,0.001641518552787602,0.009070755913853645,0.010489510372281075,0.009070755913853645,0
3001,0,2,5,0.021164730191230774,0.029999999329447746,0.0015623592771589756,0.0015623592771589756,-8.673617379884035e-19,0.021164730191230774,0.029999999329447746,1,3,0.9076921939849854,0.20944694064039504,13,1.661538353333106,0.00737801011504833,0.0057835940949442464,0.008835269138216972,0.0015623592771589765,0.008835269138216972,0.0015623592771589765,0.008903097361326218,0.018592439591884613,0.008903097361326218,0
3001,1,0,1,0.03017451986670494,0.030000001192092896,0.0053675491362810135,0.0053675491362810135,0.0,0.03017451986670494,0.030000001192092896,1,3,0.9076921939849854,0.20944694064039504,13,1.661538353333106,0.009954947587634579,0.008606571407600157,0.0001745186746120453,0.0053675491362810135,0.0001745186746120453,0.0053675491362810135,0.007853508926928043,0.01174044981598854,0.007853508926928043,0
3001,1,0,2,0.021667351946234703,0.0,0.005772266071289778,0.005772266071289778,0.0,0.021667351946234703,0.0,0,1,0.9076921939849854,0.20944694064039504,13,1.6615383533331063,0.00698674442407046,0.006008042231995678,0.021667351946234703,0.005772266071289778,0.021667351946234703,0.005772266071289778,0.005884731188416481,0.008188631385564804,0.005884731188416481,0
3001,1,0,3,0.024377766996622086,0.0,0.008062555454671383,0.008062555454671383,0.0,0.024377766996622086,0.0,0,1,0.9076923131942749,0.2094469155167731,13,1.661538461366525,0.008076081565423261,0.007069030126347344,0.024377766996622086,0.008062555454671383,0.024377766996622086,0.008062555454671383,0.005404144059866667,0.008318210951983929,0.005404144059866667,0
3001,1,0,4,0.021969297900795937,0.012000001966953278,-0.004465732257813215,-0.004465732257813215,0.0,0.021969297900795937,0.012000001966953278,1,3,0.9076921939849854,0.20944694064039504,13,1.661538353333106,0.006474791022118149,0.004951865318611529,0.009969295933842659,-0.004465732257813215,0.009969295933842659,0.004465732257813215,0.01010703295469284,0.008062167093157768,0.01010703295469284,0
3001,1,0,5,0.03341110795736313,0.0,0.006377821322530508,0.006377821322530508,0.0,0.03341110795736313,0.0,0,1,0.9076921939849854,0.20944694064039504,13,1.661538353333106,0.008534647774145738,0.006333950289784099,0.03341110795736313,0.006377821322530508,0.03341110795736313,0.006377821322530508,0.006986596621572971,0.011736752465367317,0.006986596621572971,0
3001,1,1,0,0.014989233575761318,0.012000000104308128,-0.0013403305783867836,-0.0013403305783867836,-3.223808893448865e-11,0.014989233575761318,0.012000000104308128,1,3,0.9076921939849854,0.20944694064039504,13,1.661538353333106,0.004384156712598905,0.0040795776025893595,0.00298923347145319,-0.0013403305461486947,0.00298923347145319,0.0013403305461486947,0.007944793440401554,0.009643474593758583,0.007944793440401554,0
3001,1,1,2,0.024565160274505615,0.0,-0.004114061128348112,-0.004114061128348112,0.0,0.024565160274505615,0.0,0,1,0.9076921939849854,0.20944694064039504,13,1.6615383533331063,0.007405014076683046,0.006141792685234336,0.024565160274505615,-0.004114061128348112,0.024565160274505615,0.004114061128348112,0.011589902453124523,0.015657978132367134,0.011589902453124523,0
3001,1,1,3,0.020119862630963326,0.0,0.005050286650657654,0.005050286650657654,0.0,0.020119862630963326,0.0,0,1,0.9076923131942749,0.2094469155167731,13,1.661538461366525,0.0063326257035656724,0.00531796375069128,0.020119862630963326,0.005050286650657654,0.020119862630963326,0.005050286650657654,0.00626571848988533,0.018251417204737663,0.00626571848988533,0
3001,1,1,4,0.01469244435429573,0.012000000104308128,-0.004084200132638216,-0.004084200132638216,-3.223808850080778e-11,0.01469244435429573,0.012000000104308128,1,3,0.9076921939849854,0.20944694064039504,13,1.661538353333106,0.004529173824276534,0.004165864739354876,0.0026924442499876022,-0.004084200100400127,0.0026924442499876022,0.004084200100400127,0.016993891447782516,0.008681272156536579,0.016993891447782516,0
3001,1,1,5,0.019817981868982315,0.0,-0.004022522829473019,-0.004022522829473019,0.0,0.019817981868982315,0.0,0,1,0.9076921939849854,0.20944694064039504,13,1.661538353333106,0.006028844926667889,0.005107828658404788,0.019817981868982315,-0.004022522829473019,0.019817981868982315,0.004022522829473019,0.01387724094092846,0.012527814134955406,0.01387724094092846,0
3001,1,2,0,0.01769629307091236,0.0,-0.003122681751847267,-0.003122681751847267,0.0,0.01769629307091236,0.0,0,1,0.9076921939849854,0.20944694064039504,13,1.661538353333106,0.004667733275861035,0.0038205743298904433,0.01769629307091236,-0.003122681751847267,0.01769629307091236,0.003122681751847267,0.006750251166522503,0.004513287451118231,0.006750251166522503,0
3001,1,2,1,0.01434008777141571,0.02999999839812517,0.005361292511224747,0.005361292511224747,0.002076922952269132,0.01434008777141571,0.02999999839812517,1,2,0.9076921939849854,0.20944694064039504,13,1.661538353333106,0.007874598550129161,0.005292709144631389,0.01565991062670946,0.0032843695589556145,0.01565991062670946,0.0032843695589556145,0.006650369614362717,0.013000103645026684,0.006650369614362717,0
3001,1,2,3,0.019184214994311333,0.03000000026077032,0.001230961992405355,0.001230961992405355,-0.013499999687290537,0.019184214994311333,0.03000000026077032,1,3,0.9076923131942749,0.2094469155167731,13,1.661538461366525,0.007040998798667089,0.005459925069917302,0.010815785266458988,0.014730961679695892,0.010815785266458988,0.014730961679695892,0.007238368038088083,0.009951157495379448,0.007238368038088083,0
3001,1,2,4,0.01716984435915947,0.0,-0.004789351485669613,-0.004789351485669613,0.0,0.01716984435915947,0.0,0,1,0.9076921939849854,0.20944694064039504,13,1.661538353333106,0.004675275706440978,0.003865103006911238,0.01716984435915947,-0.004789351485669613,0.01716984435915947,0.004789351485669613,0.01052457932382822,0.005241844803094864,0.01052457932382822,0
3001,1,2,5,0.01668781042098999,0.029999999329447746,0.003016755683347583,0.003016755683347583,0.0,0.01668781042098999,0.029999999329447746,1,3,0.9076921939849854,0.20944694064039504,13,1.661538353333106,0.006587323564402419,0.005548092258333631,0.013312188908457756,0.003016755683347583,0.013312188908457756,0.003016755683347583,0.008625752292573452,0.015218363143503666,0.008625752292573452,0
3001,2,0,1,0.0430867075920105,0.030000001192092896,-0.014915392734110355,-0.014915392734110355,0.0,0.0430867075920105,0.030000001192092896,1,3,0.9076921939849854,0.20944694064039504,13,1.661538353333106,0.012914221582863379,0.010732727246524316,0.013086706399917603,-0.014915392734110355,0.013086706399917603,0.014915392734110355,0.01148662157356739,0.015788117423653603,0.01148662157356739,0
3001,2,0,2,0.04035407304763794,0.0,-0.002990717301145196,-0.002990717301145196,0.0,0.04035407304763794,0.0,0,1,0.007692307233810425,0.20944694064039504,13,1.6615383533331063,0.013172994224342448,0.011105989012316134,0.04035407304763794,-0.002990717301145196,0.04035407304763794,0.002990717301145196,0.010778483934700489,0.011454664170742035,0.010778483934700489,0
3001,2,0,3,0.04016938805580139,0.0,-0.004519270267337561,-0.004519270267337561,0.0,0.04016938805580139,0.0,0,1,0.9076923131942749,0.2094469155167731,13,1.661538461366525,0.012793096619638704,0.011056821154066797,0.04016938805580139,-0.004519270267337561,0.04016938805580139,0.004519270267337561,0.007639412302523851,0.0104827880859375,0.007639412302523851,0
3001,2,0,4,0.04874713718891144,0.01199999451637268,0.019612425938248634,0.019612425938248634,-1.3877787807814457e-17,0.04874713718891144,0.01199999451637268,1,3,0.007692307233810425,0.20944694064039504,13,1.661538353333106,0.014710957250113746,0.012364352662006074,0.03674714267253876,0.019612425938248648,0.03674714267253876,0.019612425938248648,0.010456494055688381,0.020242512226104736,0.010456494055688381,0
3001,2,0,5,0.042697761207818985,0.0,-0.003219439648091793,-0.003219439648091793,-1.3877787807814457e-17,0.042697761207818985,0.0,0,1,0.9076921939849854,0.20944694064039504,13,1.661538353333106,0.011678484376003736,0.00965079396257739,0.042697761207818985,-0.003219439648091779,0.042697761207818985,0.003219439648091779,0.009396021254360676,0.0124806584790349,0.009396021254360676,0
3001,2,1,0,0.02855692058801651,0.011999998241662979,-0.0013373593101277947,-0.0013373593101277947,3.469446951953614e-18,0.02855692058801651,0.011999998241662979,1,3,0.9076921939849854,0.20944694064039504,13,1.661538353333106,0.0073245657730244265,0.005505060292119105,0.01655692234635353,-0.0013373593101277982,0.01655692234635353,0.0013373593101277982,0.006732109468430281,0.008009109646081924,0.006732109468430281,0
3001,2,1,2,0.029691414907574654,0.0,-0.002970439149066806,-0.002970439149066806,0.0,0.029691414907574654,0.0,0,1,0.007692307233810425,0.20944694064039504,13,1.6615383533331063,0.007047962705186727,0.0053454265041488975,0.029691414907574654,-0.002970439149066806,0.029691414907574654,0.002970439149066806,0.009236867539584637,0.010741221718490124,0.009236867539584637,0
3001,2,1,3,0.02607795223593712,0.0,-0.0005415820050984621,-0.0005415820050984621,0.0,0.02607795223593712,0.0,0,1,0.9076923131942749,0.2094469155167731,13,1.661538461366525,0.005943293060111516,0.004289192615969647,0.02607795223593712,-0.0005415820050984621,0.02607795223593712,0.0005415820050984621,0.008497166447341442,0.008704268373548985,0.008497166447341442,0
3001,2,1,4,0.028307469561696053,0.03599999821744859,-0.012942331843078136,-0.012942331843078136,-0.00830769200250506,0.028307469561696053,0.03599999821744859,1,4,0.007692307233810425,0.20944694064039504,13,1.661538353333106,0.015049489583085227,0.013312849398019048,0.00769252865575254,-0.004634639840573076,0.00769252865575254,0.004634639840573076,0.007315572816878557,0.009135644882917404,0.007315572816878557,0
3001,2,1,5,0.0273730531334877,0.0,0.0022349513601511717,0.0022349513601511717,6.938893903907228e-18,0.0273730531334877,0.0,0,1,0.9076921939849854,0.20944694064039504,13,1.661538353333106,0.005821474030249333,0.003725933902979602,0.0273730531334877,0.0022349513601511647,0.0273730531334877,0.0022349513601511647,0.005778749007731676,0.010207921266555786,0.005778749007731676,0
3001,2,2,0,0.03367725759744644,0.0,0.0014138853875920177,0.0014138853875920177,0.0,0.03367725759744644,0.0,0,1,0.9076921939849854,0.20944694064039504,13,1.661538353333106,0.009112924866872825,0.0077144093969947055,0.03367725759744644,0.0014138853875920177,0.03367725759744644,0.0014138853875920177,0.007724190596491098,0.011252853088080883,0.007724190596491098,0
3001,2,2,1,0.0243556909263134,0.0,-0.0005930102779529989,-0.0005930102779529989,-1.734723475976807e-18,0.0243556909263134,0.0,0,1,0.9076921939849854,0.20944694064039504,13,1.661538353333106,0.007819676765783892,0.006805854859161219,0.0243556909263134,-0.0005930102779529971,0.0243556909263134,0.0005930102779529971,0.004471588414162397,0.00848794262856245,0.004471588414162397,0
3001,2,2,3,0.02118329331278801,0.04499999899417162,-0.009404584765434265,-0.009404584765434265,-0.011423076603919844,0.02118329331278801,0.04499999899417162,1,4,0.9076923131942749,0.2094469155167731,13,1.661538461366525,0.009842699882523833,0.007096348096170193,0.02381670568138361,0.0020184918384855786,0.02381670568138361,0.0020184918384855786,0.004349291790276766,0.0063783652149140835,0.004349291790276766,0
3001,2,2,4,0.03470185399055481,0.0,0.0030208544339984655,0.0030208544339984655,0.0,0.03470185399055481,0.0,0,1,0.007692307233810425,0.20944694064039504,13,1.661538353333106,0.009184175003246172,0.007697194013207291,0.03470185399055481,0.0030208544339984655,0.03470185399055481,0.0030208544339984655,0.008521501906216145,0.010775118134915829,0.008521501906216145,0
3001,2,2,5,0.02235495299100876,0.029999999329447746,-0.0051304735243320465,-0.0051304735243320465,0.0,0.02235495299100876,0.029999999329447746,1,3,0.9076921939849854,0.20944694064039504,13,1.661538353333106,0.005718693391382231,0.004463691958749788,0.007645046338438988,-0.0051304735243320465,0.007645046338438988,0.0051304735243320465,0.006764296442270279,0.01115946564823389,0.006764296442270279,0
3001,3,0,1,0.029804639518260956,0.030000001192092896,0.010422694496810436,0.010422694496810436,0.0,0.029804639518260956,0.030000001192092896,1,3,0.9076921939849854,0.20944694064039504,13,1.661538353333106,0.00971673317327669,0.007986264077384444,0.0001953616738319397,0.010422694496810436,0.0001953616738319397,0.010422694496810436,0.004841247107833624,0.009392157196998596,0.004841247107833624,0
3001,3,0,2,0.02697964757680893,0.0,0.005005128215998411,0.005005128215998411,0.0,0.02697964757680893,0.0,0,1,0.007692307233810425,0.20944694064039504,13,1.661538353333106,0.007918902488039255,0.0067128892657319465,0.02697964757680893,0.005005128215998411,0.02697964757680893,0.005005128215998411,0.002694971626624465,0.012777444906532764,0.002694971626624465,0
3001,3,0,3,0.026356499642133713,0.0,0.0062306541949510574,0.0062306541949510574,0.0,0.026356499642133713,0.0,0,1,0.9076923131942749,0.2094469155167731,13,1.661538461366525,0.008190344921916701,0.006612864604010385,0.026356499642133713,0.0062306541949510574,0.026356499642133713,0.0062306541949510574,0.005654691718518734,0.014158054254949093,0.005654691718518734,0
3001,3,0,4,0.020136501640081406,0.012000001966953278,-0.0007421530899591744,-0.0007421530899591744,0.0,0.020136501640081406,0.012000001966953278,1,3,0.007692307233810425,0.20944694064039504,13,1.661538353333106,0.006255005138521515,0.004917260700252634,0.008136499673128128,-0.0007421530899591744,0.008136499673128128,0.0007421530899591744,0.013396143913269043,0.007402394432574511,0.013396143913269043,0
3001,3,0,5,0.030675318092107773,0.0,0.007056389003992081,0.007056389003992081,0.0,0.030675318092107773,0.0,0,1,0.9076921939849854,0.20944694064039504,13,1.661538353333106,0.00867893577076535,0.0070371461161494965,0.030675318092107773,0.007056389003992081,0.030675318092107773,0.007056389003992081,0.005893850699067116,0.008795750327408314,0.005893850699067116,0
3001,3,1,0,0.029203779995441437,0.011999999871477485,-0.008966502733528614,-0.008966502733528614,-1.6119044467244326e-11,0.029203779995441437,0.011999999871477485,1,3,0.9076921939849854,0.20944694064039504,13,1.661538353333106,0.007675353217911958,0.006432677787238147,0.017203780123963952,-0.00896650271740957,0.017203780123963952,0.00896650271740957,0.00901816040277481,0.009143096394836903,0.00901816040277481,0
3001,3,1,2,0.022813834249973297,0.0,0.010325404815375805,0.010325404815375805,-4.336808689942018e-19,0.022813834249973297,0.0,0,1,0.007692307233810425,0.20944694064039504,13,1.661538353333106,0.006666598651471687,0.005081231887700289,0.022813834249973297,0.010325404815375805,0.022813834249973297,0.010325404815375805,0.0096209067851305,0.012580662965774536,0.0096209067851305,0
3001,3,1,3,0.020260710269212723,0.0,-0.008405721746385098,-0.008405721746385098,4.336808689942018e-19,0.020260710269212723,0.0,0,1,0.9076923131942749,0.2094469155167731,13,1.661538461366525,0.0056464428292958314,0.004696454081309618,0.020260710269212723,-0.008405721746385098,0.020260710269212723,0.008405721746385098,0.006224904675036669,0.009664434008300304,0.006224904675036669,0
3001,3,1,4,0.030574865639209747,0.03600000008009374,-0.005008289124816656,-0.005008289124816656,0.0020769230489833986,0.030574865639209747,0.03600000008009374,1,4,0.007692307233810425,0.20944694064039504,13,1.661538353333106,0.011268901718487398,0.008723061281041456,0.005425134440883994,-0.007085212173800055,0.005425134440883994,0.007085212173800055,0.011224040761590004,0.006141608580946922,0.011224040761590004,0
3001,3,1,5,0.016654279083013535,0.0,0.00034708561724983156,0.00034708561724983156,0.0,0.016654279083013535,0.0,0,1,0.9076921939849854,0.20944694064039504,13,1.661538353333106,0.00524979796993558,0.004287050265444101,0.016654279083013535,0.00034708561724983156,0.016654279083013535,0.00034708561724983156,0.005783693864941597,0.010290086269378662,0.005783693864941597,0
3001,3,2,0,0.03511916100978851,0.0,-0.012428046204149723,-0.012428046204149723,0.0,0.03511916100978851,0.0,0,1,0.9076921939849854,0.20944694064039504,13,1.661538353333106,0.009094777316215092,0.0065817414540466825,0.03511916100978851,-0.012428046204149723,0.03511916100978851,0.012428046204149723,0.0090967221185565,0.008979367092251778,0.0090967221185565,0
3001,3,2,1,0.031136799603700638,0.0,-0.0023216616827994585,-0.0023216616827994585,-1.734723475976807e-18,0.031136799603700638,0.0,0,1,0.9076921939849854,0.20944694064039504,13,1.661538353333106,0.008411605697901083,0.0067526390335175416,0.031136799603700638,-0.0023216616827994568,0.031136799603700638,0.0023216616827994568,0.00505110016092658,0.009873178787529469,0.00505110016092658,0
3001,3,2,3,0.03085150010883808,0.029999999329447746,-0.006864020600914955,-0.006864020600914955,-0.01349999962281436,0.03085150010883808,0.029999999329447746,1,3,0.9076923131942749,0.2094469155167731,13,1.661538461366525,0.006249591218666657,0.0041686748609101095,0.0008515007793903351,0.006635979021899404,0.0008515007793903351,0.006635979021899404,0.0074823456816375256,0.009254700504243374,0.0074823456816375256,0
3001,3,2,4,0.034996628761291504,0.0,0.0005267568049021065,0.0005267568049021065,0.0,0.034996628761291504,0.0,0,1,0.007692307233810425,0.20944694064039504,13,1.661538353333106,0.009098334380002366,0.0065030198290767765,0.034996628761291504,0.0005267568049021065,0.034996628761291504,0.0005267568049021065,0.010538516566157341,0.008223994635045528,0.010538516566157341,0
3001,3,2,5,0.02806398831307888,0.029999999329447746,-0.0022986072581261396,-0.0022986072581261396,0.0,0.02806398831307888,0.029999999329447746,1,3,0.9076921939849854,0.20944694064039504,13,1.661538353333106,0.005925666798157646,0.004529997706413269,0.001936011016368866,-0.0022986072581261396,0.001936011016368866,0.0022986072581261396,0.004089416470378637,0.016506902873516083,0.004089416470378637,0
3001,4,0,1,0.030262427404522896,0.030000001192092896,0.009760013781487942,0.009760013781487942,0.0,0.030262427404522896,0.030000001192092896,1,3,0.9076921939849854,0.20944694064039504,13,1.661538353333106,0.010097711117910756,0.007949972271742906,0.0002624262124300003,0.009760013781487942,0.0002624262124300003,0.009760013781487942,0.006661561783403158,0.007877068594098091,0.006661561783403158,0
3001,4,0,2,0.027150627225637436,0.0,0.00516856275498867,0.00516856275498867,0.0,0.027150627225637436,0.0,0,1,0.9076921939849854,0.20944694064039504,13,1.661538353333106,0.00800335849730643,0.0067739013648597446,0.027150627225637436,0.00516856275498867,0.027150627225637436,0.00516856275498867,0.004071918316185474,0.012058279477059841,0.004071918316185474,0
3001,4,0,3,0.026970364153385162,0.0,0.005640044808387756,0.005640044808387756,0.0,0.026970364153385162,0.0,0,1,0.9076923131942749,0.2094469155167731,13,1.661538461366525,0.008423800525832177,0.006929708777006561,0.026970364153385162,0.005640044808387756,0.026970364153385162,0.005640044808387756,0.006310989614576101,0.014467468485236168,0.006310989614576101,0
3001,4,0,4,0.02059009298682213,0.012000001966953278,-0.00035208635381422937,-0.00035208635381422937,0.0,0.02059009298682213,0.012000001966953278,1,3,0.9076921939849854,0.20944694064039504,13,1.661538353333106,0.006477059270789595,0.005132655354117501,0.00859009101986885,-0.00035208635381422937,0.00859009101986885,0.00035208635381422937,0.014311317354440689,0.008822395466268063,0.014311317354440689,0
3001,4,0,5,0.030366675928235054,0.0,0.005866136401891708,0.005866136401891708,0.0,0.030366675928235054,0.0,0,1,0.9076921939849854,0.20944694064039504,13,1.661538353333106,0.00882209368123934,0.006934147735936402,0.030366675928235054,0.005866136401891708,0.030366675928235054,0.005866136401891708,0.0037574705202132463,0.006561668124049902,0.0037574705202132463,0
3001,4,1,0,0.027378734201192856,0.011999999871477485,-0.006759293377399445,-0.006759293377399445,-1.6119044467244326e-11,0.027378734201192856,0.011999999871477485,1,3,0.9076921939849854,0.20944694064039504,13,1.661538353333106,0.00673684204546438,0.005558440481042545,0.015378734329715371,-0.0067592933612804,0.015378734329715371,0.0067592933612804,0.009315906092524529,0.009464237838983536,0.009315906092524529,0
3001,4,1,2,0.021060921251773834,0.0,0.009680899791419506,0.009680899791419506,-4.336808689942018e-19,0.021060921251773834,0.0,0,1,0.9076921939849854,0.20944694064039504,13,1.661538353333106,0.0060124118305795735,0.004625262394988326,0.021060921251773834,0.009680899791419506,0.021060921251773834,0.009680899791419506,0.008404113352298737,0.0118380943313241,0.008404113352298737,0
3001,4,1,3,0.017718244343996048,0.0,-0.008206355385482311,-0.008206355385482311,4.336808689942018e-19,0.017718244343996048,0.0,0,1,0.9076923131942749,0.2094469155167731,13,1.661538461366525,0.005137488039291292,0.004380412135251175,0.017718244343996048,-0.008206355385482311,0.017718244343996048,0.008206355385482311,0.006072245072573423,0.006493501365184784,0.006072245072573423,0
3001,4,1,4,0.02827102318406105,0.011999999871477485,-0.004565361421555281,-0.004565361421555281,-1.6119044033563457e-11,0.02827102318406105,0.011999999871477485,1,3,0.9076921939849854,0.20944694064039504,13,1.661538353333106,0.0069578126606665795,0.006129683959766253,0.016271023312583566,-0.004565361405436237,0.016271023312583566,0.004565361405436237,0.011878693476319313,0.004857175517827272,0.011878693476319313,0
3001,4,1,5,0.01457262970507145,0.0,0.007850789465010166,0.007850789465010166,-4.336808689942018e-19,0.01457262970507145,0.0,0,1,0.9076921939849854,0.20944694064039504,13,1.661538353333106,0.004928709094497858,0.004119464741832406,0.01457262970507145,0.007850789465010166,0.01457262970507145,0.007850789465010166,0.010721675120294094,0.009437155909836292,0.010721675120294094,0
3001,4,2,0,0.03180777281522751,0.0,-0.012050092220306396,-0.012050092220306396,0.0,0.03180777281522751,0.0,0,1,0.9076921939849854,0.20944694064039504,13,1.661538353333106,0.00946028595818831,0.007536506345054718,0.03180777281522751,-0.012050092220306396,0.03180777281522751,0.012050092220306396,0.007028885651379824,0.011711896397173405,0.007028885651379824,0
3001,4,2,1,0.032884273678064346,0.0,-0.0028748102486133575,-0.0028748102486133575,0.0,0.032884273678064346,0.0,0,1,0.9076921939849854,0.20944694064039504,13,1.661538353333106,0.008724765166759036,0.0070000467656632145,0.032884273678064346,-0.0028748102486133575,0.032884273678064346,0.0028748102486133575,0.005832878407090902,0.011701290495693684,0.005832878407090902,0
3001,4,2,3,0.03229290246963501,0.044999998062849045,-0.007891609333455563,-0.007891609333455563,-0.021807690924678297,0.03229290246963501,0.044999998062849045,1,4,0.9076923131942749,0.2094469155167731,13,1.661538461366525,0.015262951177035034,0.013720760770147592,0.012707095593214035,0.013916081591222734,0.012707095593214035,0.013916081591222734,0.00666674692183733,0.01377703808248043,0.00666674692183733,0
3001,4,2,4,0.031741492450237274,0.0,0.003442162647843361,0.003442162647843361,0.0,0.031741492450237274,0.0,0,1,0.9076921939849854,0.20944694064039504,13,1.661538353333106,0.009480412178111275,0.007414286074465549,0.031741492450237274,0.003442162647843361,0.031741492450237274,0.003442162647843361,0.01096304040402174,0.010042650625109673,0.01096304040402174,0
3001,4,2,5,0.026103539392352104,0.029999999329447746,-0.0006633320008404553,-0.0006633320008404553,1.289523487990607e-10,0.026103539392352104,0.029999999329447746,1,3,0.9076921939849854,0.20944694064039504,13,1.661538353333106,0.004902242711079819,0.004043845289673369,0.003896459937095642,-0.0006633321297928041,0.003896459937095642,0.0006633321297928041,0.009598066098988056,0.012436856515705585,0.009598066098988056,0
3001,5,0,1,0.039657749235630035,0.030000001192092896,0.011111192405223846,0.011111192405223846,0.0,0.039657749235630035,0.030000001192092896,1,3,0.007692307233810425,0.20944694064039504,13,1.661538353333106,0.012066996300450727,0.010302868600075062,0.00965774804353714,0.011111192405223846,0.00965774804353714,0.011111192405223846,0.014309361577033997,0.01431554276496172,0.014309361577033997,0
3001,5,0,2,0.03761938214302063,0.0,-0.0019441941985860467,-0.0019441941985860467,0.0,0.03761938214302063,0.0,0,1,0.9076921939849854,0.20944694064039504,13,1.6615383533331063,0.012505168608464012,0.010370775924984522,0.03761938214302063,-0.0019441941985860467,0.03761938214302063,0.0019441941985860467,0.009676664136350155,0.013484135270118713,0.009676664136350155,0
3001,5,0,3,0.035013291984796524,0.0,-0.0004952461458742619,-0.0004952461458742619,0.0,0.035013291984796524,0.0,0,1,0.007692308165132999,0.2094469155167731,13,1.661538461366525,0.01113344003521725,0.009412901553176565,0.035013291984796524,-0.0004952461458742619,0.035013291984796524,0.0004952461458742619,0.009586736559867859,0.01066183764487505,0.009586736559867859,0
3001,5,0,4,0.04550042003393173,0.01199999451637268,0.018716657534241676,0.018716657534241676,-1.3877787807814457e-17,0.04550042003393173,0.01199999451637268,1,3,0.9076921939849854,0.20944694064039504,13,1.661538353333106,0.013595162940144043,0.011575803601530175,0.03350042551755905,0.01871665753424169,0.03350042551755905,0.01871665753424169,0.009460541419684887,0.018385568633675575,0.009460541419684887,0
3001,5,0,5,0.0394885390996933,0.0,-0.000757153145968914,-0.000757153145968914,-1.3877787807814457e-17,0.0394885390996933,0.0,0,1,0.9076921939849854,0.20944694064039504,13,1.661538353333106,0.01043489236824005,0.008476872746584685,0.0394885390996933,-0.0007571531459689002,0.0394885390996933,0.0007571531459689002,0.01279020681977272,0.013405382633209229,0.01279020681977272,0
3001,5,1,0,0.019342999905347824,0.012000001035630703,-0.005359989125281572,-0.005359989125281572,6.44761778689773e-11,0.019342999905347824,0.012000001035630703,1,3,0.9076921939849854,0.20944694064039504,13,1.661538353333106,0.005841343901599631,0.005281094153075529,0.007342998869717121,-0.00535998918975775,0.007342998869717121,0.00535998918975775,0.010288344696164131,0.011420045047998428,0.010288344696164131,0
3001,5,1,2,0.025087999179959297,0.0,-0.001820397563278675,-0.001820397563278675,3.469446951953614e-18,0.025087999179959297,0.0,0,1,0.9076921939849854,0.20944694064039504,13,1.6615383533331063,0.005922286061483647,0.004046759435895985,0.025087999179959297,-0.0018203975632786785,0.025087999179959297,0.0018203975632786785,0.0061837462708354,0.012822192162275314,0.0061837462708354,0
3001,5,1,3,0.016849052160978317,0.0,0.00011689650273183361,0.00011689650273183361,-3.469446951953614e-18,0.016849052160978317,0.0,0,1,0.007692308165132999,0.2094469155167731,13,1.661538461366525,0.00414210243311023,0.0029010828474216916,0.016849052160978317,0.00011689650273183708,0.016849052160978317,0.00011689650273183708,0.004135515075176954,0.009049281477928162,0.004135515075176954,0
3001,5,1,4,0.02351595088839531,0.012000001035630703,-0.005379573907703161,-0.005379573907703161,6.44761778689773e-11,0.02351595088839531,0.012000001035630703,1,3,0.9076921939849854,0.20944694064039504,13,1.661538353333106,0.005117262351657224,0.0042684545420859695,0.011515949852764606,-0.005379573972179339,0.011515949852764606,0.005379573972179339,0.0132445665076375,0.008698711171746254,0.0132445665076375,0
3001,5,1,5,0.01919873245060444,0.0,0.0019926640670746565,0.0019926640670746565,3.469446951953614e-18,0.01919873245060444,0.0,0,1,0.9076921939849854,0.20944694064039504,13,1.661538353333106,0.00536788777441397,0.0046583530685958075,0.01919873245060444,0.001992664067074653,0.01919873245060444,0.001992664067074653,0.0068383296020329,0.006996531970798969,0.0068383296020329,0
3001,5,2,0,0.03721097111701965,0.0,0.0014914452331140637,0.0014914452331140637,0.0,0.03721097111701965,0.0,0,1,0.9076921939849854,0.20944694064039504,13,1.661538353333106,0.008635926065758541,0.005981487516842826,0.03721097111701965,0.0014914452331140637,0.03721097111701965,0.0014914452331140637,0.007406273856759071,0.008001240901648998,0.007406273856759071,0
3001,5,2,1,0.02702324278652668,0.0,0.0005837248754687607,0.0005837248754687607,0.0,0.02702324278652668,0.0,0,1,0.007692307233810425,0.20944694064039504,13,1.661538353333106,0.006988392403336844,0.00522309011564805,0.02702324278652668,0.0005837248754687607,0.02702324278652668,0.0005837248754687607,0.005028140731155872,0.010344632901251316,0.005028140731155872,0
3001,5,2,3,0.029163474217057228,0.044999998062849045,-0.005648698192089796,-0.005648698192089796,-0.021807690924678293,0.029163474217057228,0.044999998062849045,1,4,0.007692308165132999,0.2094469155167731,13,1.661538461366525,0.014924088927739396,0.013198304561809938,0.015836523845791817,0.016158992732588497,0.015836523845791817,0.016158992732588497,0.006191312801092863,0.01058594137430191,0.006191312801092863,0
3001,5,2,4,0.03766731172800064,0.0,-0.000614363991189748,-0.000614363991189748,0.0,0.03766731172800064,0.0,0,1,0.9076921939849854,0.20944694064039504,13,1.661538353333106,0.0087977176880732,0.006202010695475358,0.03766731172800064,-0.000614363991189748,0.03766731172800064,0.000614363991189748,0.009497404098510742,0.007627865765243769,0.009497404098510742,0
3001,5,2,5,0.027829544618725777,0.029999999329447746,0.0002832325117196888,0.0002832325117196888,0.0,0.027829544618725777,0.029999999329447746,1,3,0.9076921939849854,0.20944694064039504,13,1.661538353333106,0.006129240793824357,0.004390642823949015,0.0021704547107219696,0.0002832325117196888,0.0021704547107219696,0.0002832325117196888,0.004679448902606964,0.007002686150372028,0.004679448902606964,0
3001,6,0,1,0.03664235770702362,0.030000001192092896,0.01644241251051426,0.01644241251051426,0.0,0.03664235770702362,0.030000001192092896,1,3,0.9076921939849854,0.20944694064039504,13,1.661538353333106,0.011336820692671223,0.010061209834009939,0.006642356514930725,0.01644241251051426,0.006642356514930725,0.01644241251051426,0.01700853370130062,0.019365988671779633,0.01700853370130062,0
3001,6,0,2,0.029934771358966827,0.0,0.00996228214353323,0.00996228214353323,0.0,0.029934771358966827,0.0,0,1,0.9076921939849854,0.20944694064039504,13,1.6615383533331063,0.010229779155914945,0.008692171909576338,0.029934771358966827,0.00996228214353323,0.029934771358966827,0.00996228214353323,0.005419818218797445,0.01672586239874363,0.005419818218797445,0
3001,6,0,3,0.029794257134199142,0.0,0.006418336648494005,0.006418336648494005,0.0,0.029794257134199142,0.0,0,1,0.9076923131942749,0.2094469155167731,13,1.661538461366525,0.009844403286703263,0.008693373100776997,0.029794257134199142,0.006418336648494005,0.029794257134199142,0.006418336648494005,0.007702815346419811,0.012197610922157764,0.007702815346419811,0
3001,6,0,4,0.041853275150060654,0.01199999451637268,0.010794227011501789,0.010794227011501789,-1.3877787807814457e-17,0.041853275150060654,0.01199999451637268,1,3,0.9076921939849854,0.20944694064039504,13,1.661538353333106,0.012373915001817413,0.010282461011724423,0.029853280633687973,0.010794227011501803,0.029853280633687973,0.010794227011501803,0.005340739153325558,0.018736740574240685,0.005340739153325558,0
3001,6,0,5,0.03820722550153732,0.0,0.01114277821034193,0.01114277821034193,-1.3877787807814457e-17,0.03820722550153732,0.0,0,1,0.9076921939849854,0.20944694064039504,13,1.661538353333106,0.011192431229710332,0.009065325611640185,0.03820722550153732,0.011142778210341944,0.03820722550153732,0.011142778210341944,0.01679583266377449,0.011428926140069962,0.01679583266377449,0
3001,6,1,0,0.02390539087355137,0.011999999871477485,-0.0029506359715014696,-0.0029506359715014696,-1.6119044467244326e-11,0.02390539087355137,0.011999999871477485,1,3,0.9076921939849854,0.20944694064039504,13,1.661538353333106,0.005842203567817333,0.005129350035192346,0.011905391002073884,-0.002950635955382425,0.011905391002073884,0.002950635955382425,0.008774644695222378,0.006829826161265373,0.008774644695222378,0
3001,6,1,2,0.022824525833129883,0.0,-0.003803618485108018,-0.003803618485108018,0.0,0.022824525833129883,0.0,0,1,0.9076921939849854,0.20944694064039504,13,1.6615383533331063,0.006135709021602518,0.004514088688870154,0.022824525833129883,-0.003803618485108018,0.022824525833129883,0.003803618485108018,0.004795856308192015,0.011339287273585796,0.004795856308192015,0
3001,6,1,3,0.01740635372698307,0.0,-0.006370861083269119,-0.006370861083269119,4.336808689942018e-19,0.01740635372698307,0.0,0,1,0.9076923131942749,0.2094469155167731,13,1.661538461366525,0.004994937443567111,0.003950076827988822,0.01740635372698307,-0.006370861083269119,0.01740635372698307,0.006370861083269119,0.007459564134478569,0.0009604027727618814,0.007459564134478569,0
3001,6,1,4,0.02478826977312565,0.011999999871477485,-0.006669249851256609,-0.006669249851256609,-1.6119044033563457e-11,0.02478826977312565,0.011999999871477485,1,3,0.9076921939849854,0.20944694064039504,13,1.661538353333106,0.0062616543439141005,0.005603772734109996,0.012788269901648164,-0.006669249835137565,0.012788269901648164,0.006669249835137565,0.012172856368124485,0.01108577847480774,0.012172856368124485,0
3001,6,1,5,0.01565438322722912,0.0,-0.0004887497634626925,-0.0004887497634626925,0.0,0.01565438322722912,0.0,0,1,0.9076921939849854,0.20944694064039504,13,1.661538353333106,0.004946066617873392,0.004266664374774024,0.01565438322722912,-0.0004887497634626925,0.01565438322722912,0.0004887497634626925,0.005249326582998037,0.007909804582595825,0.005249326582998037,0
3001,6,2,0,0.03945751115679741,0.0,-9.599929762771353e-05,-9.599929762771353e-05,0.0,0.03945751115679741,0.0,0,1,0.9076921939849854,0.20944694064039504,13,1.661538353333106,0.008994906902843727,0.006072278086994306,0.03945751115679741,-9.599929762771353e-05,0.03945751115679741,9.599929762771353e-05,0.0075853606685996056,0.008618944324553013,0.0075853606685996056,0
3001,6,2,1,0.027580544352531433,0.0,0.002217884175479412,0.002217884175479412,0.0,0.027580544352531433,0.0,0,1,0.9076921939849854,0.20944694064039504,13,1.661538353333106,0.00684617900165385,0.005326460519742026,0.027580544352531433,0.002217884175479412,0.027580544352531433,0.002217884175479412,0.0030564768239855766,0.007810212206095457,0.0030564768239855766,0
3001,6,2,3,0.023615682497620583,0.044999999925494194,-0.002337053418159485,-0.002337053418159485,-0.01142307666839602,0.023615682497620583,0.044999999925494194,1,4,0.9076923131942749,0.2094469155167731,13,1.661538461366525,0.010128644851674749,0.007250666083801076,0.02138431742787361,0.009086023250236535,0.02138431742787361,0.009086023250236535,0.006307509262114763,0.009195500053465366,0.006307509262114763,0
3001,6,2,4,0.039263270795345306,0.0,-0.008517863228917122,-0.008517863228917122,0.0,0.039263270795345306,0.0,0,1,0.9076921939849854,0.20944694064039504,13,1.661538353333106,0.008930830155372818,0.005959854112695572,0.039263270795345306,-0.008517863228917122,0.039263270795345306,0.008517863228917122,0.009230638854205608,0.007696264423429966,0.009230638854205608,0
3001,6,2,5,0.02674807608127594,0.029999999329447746,-0.00036213561543263495,-0.00036213561543263495,0.0,0.02674807608127594,0.029999999329447746,1,3,0.9076921939849854,0.20944694064039504,13,1.661538353333106,0.007009902725967122,0.00542005008780921,0.0032519232481718063,-0.00036213561543263495,0.0032519232481718063,0.00036213561543263495,0.00242245988920331,0.009519115090370178,0.00242245988920331,0
3001,7,0,1,0.029597463086247444,0.030000001192092896,-0.00039246026426553726,-0.00039246026426553726,0.0,0.029597463086247444,0.030000001192092896,1,3,0.9076921939849854,0.20944694064039504,13,1.661538353333106,0.010240978963889157,0.007974609749160222,0.00040253810584545135,-0.00039246026426553726,0.00040253810584545135,0.00039246026426553726,0.009417559951543808,0.008555721491575241,0.009417559951543808,0
3001,7,0,2,0.02761141024529934,0.0,0.009280417114496231,0.009280417114496231,0.0,0.02761141024529934,0.0,0,1,0.9076921939849854,0.20944694064039504,13,1.6615383533331063,0.00838103389039421,0.0072155558895429925,0.02761141024529934,0.009280417114496231,0.02761141024529934,0.009280417114496231,0.005609286483377218,0.0120904091745615,0.005609286483377218,0
3001,7,0,3,0.027273667976260185,0.0,0.007890915498137474,0.007890915498137474,0.0,0.027273667976260185,0.0,0,1,0.9076923131942749,0.2094469155167731,13,1.661538461366525,0.00865450188208996,0.0070529938041722995,0.027273667976260185,0.007890915498137474,0.027273667976260185,0.007890915498137474,0.005685190204530954,0.014453280717134476,0.005685190204530954,0
3001,7,0,4,0.02164134755730629,0.012000001966953278,-0.00012817529204767197,-0.00012817529204767197,0.0,0.02164134755730629,0.012000001966953278,1,3,0.9076921939849854,0.20944694064039504,13,1.661538353333106,0.00673100580222245,0.00515425306629147,0.009641345590353012,-0.00012817529204767197,0.009641345590353012,0.00012817529204767197,0.012432103976607323,0.0067480700090527534,0.012432103976607323,0
3001,7,0,5,0.03190247714519501,0.0,0.006558479741215706,0.006558479741215706,0.0,0.03190247714519501,0.0,0,1,0.9076921939849854,0.20944694064039504,13,1.661538353333106,0.009148940950070693,0.007127279338575678,0.03190247714519501,0.006558479741215706,0.03190247714519501,0.006558479741215706,0.007619671523571014,0.0068654208444058895,0.007619671523571014,0
3001,7,1,0,0.032287344336509705,0.012000000104308128,-0.012165989726781845,-0.012165989726781845,-3.223808893448865e-11,0.032287344336509705,0.012000000104308128,1,3,0.9076921939849854,0.20944694064039504,13,1.661538353333106,0.008505339728148029,0.0070290802482008575,0.020287344232201576,-0.012165989694543756,0.020287344232201576,0.012165989694543756,0.008001832291483879,0.00891561433672905,0.008001832291483879,0
3001,7,1,2,0.027259962633252144,0.0,-0.007929242216050625,-0.007929242216050625,0.0,0.027259962633252144,0.0,0,1,0.9076921939849854,0.20944694064039504,13,1.6615383533331063,0.008053287694632068,0.005876785892987701,0.027259962633252144,-0.007929242216050625,0.027259962633252144,0.007929242216050625,0.00551611976698041,0.007941290736198425,0.00551611976698041,0
3001,7,1,3,0.023036250844597816,0.0,-0.0062857274897396564,-0.0062857274897396564,0.0,0.023036250844597816,0.0,0,1,0.9076923131942749,0.2094469155167731,13,1.661538461366525,0.006524913842018927,0.005032547121349524,0.023036250844597816,-0.0062857274897396564,0.023036250844597816,0.0062857274897396564,0.008733884431421757,0.006605006288737059,0.008733884431421757,0
3001,7,1,4,0.03734235465526581,0.012000000104308128,-0.0019884032662957907,-0.0019884032662957907,-3.223808850080778e-11,0.03734235465526581,0.012000000104308128,1,3,0.9076921939849854,0.20944694064039504,13,1.661538353333106,0.008867132387017902,0.007744896454328793,0.02534235455095768,-0.001988403234057702,0.02534235455095768,0.001988403234057702,0.01383412629365921,0.005397293716669083,0.01383412629365921,0
3001,7,1,5,0.024446934461593628,0.0,-0.002581713953986764,-0.002581713953986764,0.0,0.024446934461593628,0.0,0,1,0.9076921939849854,0.20944694064039504,13,1.661538353333106,0.007407194965186847,0.006009871426683206,0.024446934461593628,-0.002581713953986764,0.024446934461593628,0.002581713953986764,0.006207033526152372,0.005998976994305849,0.006207033526152372,0
3001,7,2,0,0.03849116340279579,0.0,-0.0073392936028540134,-0.0073392936028540134,0.0,0.03849116340279579,0.0,0,1,0.9076921939849854,0.20944694064039504,13,1.661538353333106,0.008741754791509813,0.005953986120559054,0.03849116340279579,-0.0073392936028540134,0.03849116340279579,0.0073392936028540134,0.010440207086503506,0.007868852466344833,0.010440207086503506,0
3001,7,2,1,0.028042247518897057,0.0,-0.0016607848228886724,-0.0016607848228886724,0.0,0.028042247518897057,0.0,0,1,0.9076921939849854,0.20944694064039504,13,1.661538353333106,0.006987699655840462,0.0049343305507663785,0.028042247518897057,-0.0016607848228886724,0.028042247518897057,0.0016607848228886724,0.0059976726770401,0.009272431954741478,0.0059976726770401,0
3001,7,2,3,0.026542235165834427,0.044999999925494194,-0.004992982838302851,-0.004992982838302851,-0.01142307666839602,0.026542235165834427,0.044999999925494194,1,4,0.9076923131942749,0.2094469155167731,13,1.661538461366525,0.01040997101482502,0.007223286958047626,0.018457764759659767,0.006430093830093169,0.018457764759659767,0.006430093830093169,0.006355623714625835,0.008466720581054688,0.006355623714625835,0
3001,7,2,4,0.03828045353293419,0.0,-0.0024200512561947107,-0.0024200512561947107,0.0,0.03828045353293419,0.0,0,1,0.9076921939849854,0.20944694064039504,13,1.661538353333106,0.008706118513947475,0.006048651591918746,0.03828045353293419,-0.0024200512561947107,0.03828045353293419,0.0024200512561947107,0.00883286539465189,0.007411835249513388,0.00883286539465189,0
3001,7,2,5,0.025108475238084793,0.029999999329447746,0.000722960801795125,0.000722960801795125,0.0,0.025108475238084793,0.029999999329447746,1,3,0.9076921939849854,0.20944694064039504,13,1.661538353333106,0.00645167750206812,0.004963221739338346,0.004891524091362953,0.000722960801795125,0.004891524091362953,0.000722960801795125,0.004551759455353022,0.004196729511022568,0.004551759455353022,0
