seed,state_idx,ego_id,fixed_panel_step_index,fixed_panel_step_hash,fixed_panel_fingerprint,top_k,oracle_core_f1,oracle_core_f1_random_baseline,oracle_core_f1_adjusted,dr_applied,dr_applied_rows,dr_clipped_rows,dr_raw_inverse_max,dr_correction_mean,replay_consistency_abs_error,bias,variance,mae,rmse,rank_correlation,p_value,constant_case,signed_bias,signed_mae,signed_rmse,signed_spearman,signed_p_value,signed_constant_case,sign_agreement,direction_row_aipw_signed_bias,direction_row_aipw_signed_mae,direction_row_aipw_signed_rmse,direction_row_aipw_signed_spearman,direction_row_aipw_signed_p_value,direction_row_aipw_signed_constant_case,direction_row_aipw_sign_agreement,direction_crossfit_aipw_signed_bias,direction_crossfit_aipw_signed_mae,direction_crossfit_aipw_signed_rmse,direction_crossfit_aipw_signed_spearman,direction_crossfit_aipw_signed_p_value,direction_crossfit_aipw_signed_constant_case,direction_crossfit_aipw_sign_agreement,q_mae,q_rmse,q_spearman,q_constant_case,q_centered_mae,q_centered_rmse,q_within_state_action_spearman,q_within_state_action_spearman_sum,q_nonconstant_surface_count,q_raw_mae,q_raw_rmse,q_centered_sq_error_sum,q_centered_oracle_sq_sum,q_centered_value_count,capacity_active_count,capacity_null_count,capacity_active_mae,capacity_active_spearman,capacity_null_fpr,direction_active_count,direction_null_count,direction_active_mae,direction_active_spearman,direction_null_fpr,direction_active_sign_agreement,capacity_rank_correlation,capacity_mae,capacity_bias,direction_spearman,direction_mae,direction_bias,direction_sign_agreement,range_bias,range_variance,range_mae,range_rmse,range_rank_correlation,range_p_value,range_constant_case,oracle_topk_ids,learned_topk_ids,oracle_topk_gap,oracle_topk_unique,capacity_topk_match,lambda_topk_Q,lambda_topk_actual_error,capacity_topk_q_certified,capacity_topk_q_certified_violation,capacity_topk_actual_error_certified,capacity_topk_actual_error_certified_violation,capacity_topk_interval_separation,capacity_topk_interval_certified,capacity_topk_interval_certified_violation,oracle_full_rank_min_gap,oracle_full_rank_unique,lambda_full_rank_Q,strict_relation_pair_count,strict_relation_pair_order_accuracy,q_certified_relation_pair_count,q_certified_relation_pair_violation_count,actual_error_certified_relation_pair_count,actual_error_certified_relation_pair_violation_count,capacity_q_error_bound_violation_count
5007,0,0,0,36226641b5f75250a528cc1a57c7405406ba1196fdeb429fcb0582e51a38e9ed,85327ce11405b195585ae958b01b10b6afb74756d7c98175c161ae1fb0ffb096,1,1.0,0.2,1.0,0,0,0,0.0,0.0,0.0,-0.002086166525259614,0.00018536546849645674,0.012854965403676033,0.013773799873888493,0.8944271909999157,0.04051932635383408,0,-0.0007850626716390252,0.003626170102506876,0.0040811761282384396,0.35909242322980395,0.5528147466433508,0,1.0,-0.0007850626716390252,0.003626170102506876,0.0040811761282384396,0.35909242322980395,0.5528147466433508,0,1.0,0.010760932229459286,0.010760932229459286,0.011706523597240448,0.6668859288553501,0.21889398131323157,0,0.0,0.0026870033022818106,0.003841944891531961,0.20951702730659486,0,0.0026870033022818106,0.003841944891531961,0.5765566601970551,1.1531133203941102,2,0.006849754893091114,0.007692044755479387,0.0009594351357219544,0.0010979999576210984,65,2,3,0.018676414154469967,0.9999999999999999,0.0,1,4,0.0071027690721675776,nan,0.0,1.0,0.8944271909999157,0.012854965403676033,-0.002086166525259614,0.35909242322980395,0.003626170102506876,-0.0007850626716390252,1.0,-0.002086166525259614,0.00018536546849645674,0.012854965403676033,0.013773799873888493,0.8944271909999157,0.04051932635383408,0,5,5,0.006000000052154064,1,1,7.282646193195727,6.225471330709384,0,0,0,0,-0.04191067279316485,0,0,0.0,0,inf,7,1.0,6,0,6,0,0
5007,0,1,0,36226641b5f75250a528cc1a57c7405406ba1196fdeb429fcb0582e51a38e9ed,85327ce11405b195585ae958b01b10b6afb74756d7c98175c161ae1fb0ffb096,1,1.0,0.2,1.0,0,0,0,0.0,0.0,0.0,0.0035397589672356844,4.636147787095979e-05,0.0070885480381548405,0.007674071472138166,0.8944271909999157,0.04051932635383408,0,-0.0007041255012154579,0.001818412565626204,0.0019683516584336758,0.0,1.0,1,0.0,-0.0007041255012154579,0.001818412565626204,0.0019683516584336758,0.0,1.0,1,0.0,-0.0021861991845071316,0.003804622683674097,0.004892562050372362,0.0,1.0,1,0.0,0.0019163819998792048,0.0024168279610603176,0.37688865493185497,0,0.0019163819998792048,0.0024168279610603176,0.5503495392790072,1.1006990785580144,2,0.003870446991417199,0.004523230888477529,0.00037966873056859314,0.00023399998730421097,65,2,3,0.004435986280441284,0.9999999999999999,0.0,0,5,nan,nan,0.0,nan,0.8944271909999157,0.0070885480381548405,0.0035397589672356844,0.0,0.001818412565626204,-0.0007041255012154579,0.0,0.0035397589672356844,4.636147787095979e-05,0.0070885480381548405,0.007674071472138166,0.8944271909999157,0.04051932635383408,0,4,4,0.0059999991208314896,1,1,3.1385844913425793,1.4786623101459848,0,0,0,0,-0.01881886614137329,0,0,0.0,0,inf,7,1.0,1,0,6,0,0
5007,0,2,0,36226641b5f75250a528cc1a57c7405406ba1196fdeb429fcb0582e51a38e9ed,85327ce11405b195585ae958b01b10b6afb74756d7c98175c161ae1fb0ffb096,1,0.0,0.2,-0.25,0,0,0,0.0,0.0,0.0,0.002140302211046219,3.706305869854987e-05,0.005947331432253122,0.006453212816268206,0.7826237921249264,0.11761376087345812,0,6.301272514974698e-05,0.0013439164031296968,0.001418823259882629,0.0,1.0,1,0.0,6.301272514974698e-05,0.0013439164031296968,0.001418823259882629,0.0,1.0,1,0.0,-0.0037137579638510942,0.0037137579638510942,0.005065284203737974,0.0,1.0,1,0.0,0.0015629752402361921,0.002019533467294618,0.3704882629633574,0,0.0015629752402361921,0.002019533467294618,0.6027637811151031,1.2055275622302062,2,0.0019113955846898115,0.002342541300517905,0.0002651035026589964,0.00023399998730421097,65,2,3,0.0047587864100933075,-0.9999999999999999,0.0,0,5,nan,nan,0.0,nan,0.7826237921249264,0.005947331432253122,0.002140302211046219,0.0,0.0013439164031296968,6.301272514974698e-05,0.0,0.002140302211046219,3.706305869854987e-05,0.005947331432253122,0.006453212816268206,0.7826237921249264,0.11761376087345812,0,4,1,0.0059999991208314896,1,0,2.8195682737157446,1.5862623691297566,0,0,0,0,-0.015674268477596343,0,0,0.0,0,inf,7,0.8571428571428571,3,0,6,0,0
5007,1,0,1,59aaa2e0bdaae0d157328a4bbf530002e6597f57f071b4abdfce4a01070b5c8a,85327ce11405b195585ae958b01b10b6afb74756d7c98175c161ae1fb0ffb096,1,0.0,0.2,-0.25,0,0,0,0.0,0.0,0.0,-0.00050807447405532,0.0001387906668242067,0.01097450964152813,0.0117918960750103,0.7826237921249264,0.11761376087345812,0,-0.0008172484231181443,0.0016933863516896963,0.001981479814276099,0.8207826816681233,0.08858700531354384,0,1.0,-0.0008172484231181443,0.0016933863516896963,0.001981479814276099,0.8207826816681233,0.08858700531354384,0,1.0,0.0028742789290845394,0.0031350948847830296,0.0040157148614525795,0.6668859288553501,0.21889398131323157,0,1.0,0.00251692429761135,0.0033189399407995883,0.2181403508829378,0,0.00251692429761135,0.0033189399407995883,0.6289709020331511,1.2579418040663022,2,0.006486874313178795,0.007227437932693949,0.0007159985514912603,0.0010979999576210984,65,2,3,0.014353231061249971,-0.9999999999999999,0.0,1,4,0.0021903451709076784,nan,0.0,1.0,0.7826237921249264,0.01097450964152813,-0.00050807447405532,0.8207826816681233,0.0016933863516896963,-0.0008172484231181443,1.0,-0.00050807447405532,0.0001387906668242067,0.01097450964152813,0.0117918960750103,0.7826237921249264,0.11761376087345812,0,5,3,0.006000000052154064,1,0,5.6906022548716315,4.78441031216225,0,0,0,0,-0.029668938543181866,0,0,0.0,0,inf,7,0.8571428571428571,6,0,6,0,0
5007,1,1,1,59aaa2e0bdaae0d157328a4bbf530002e6597f57f071b4abdfce4a01070b5c8a,85327ce11405b195585ae958b01b10b6afb74756d7c98175c161ae1fb0ffb096,1,1.0,0.2,1.0,0,0,0,0.0,0.0,0.0,0.0022629147861152887,3.646467666840181e-05,0.006155644543468952,0.0064486791379749775,0.8944271909999157,0.04051932635383408,0,0.0007062684744596481,0.0012603531358763576,0.0016705546295270324,0.0,1.0,1,0.0,0.0007062684744596481,0.0012603531358763576,0.0016705546295270324,0.0,1.0,1,0.0,0.0019411472603678703,0.004118342883884907,0.0043928371742367744,0.0,1.0,1,0.0,0.001663718399155703,0.002076948946912628,0.3936765682918485,0,0.001663718399155703,0.002076948946912628,0.6027637811151031,1.2055275622302062,2,0.0027268781199102075,0.0033322783712146165,0.0002803916003252958,0.00023399998730421097,65,2,3,0.004865911789238453,0.9999999999999999,0.0,0,5,nan,nan,0.0,nan,0.8944271909999157,0.006155644543468952,0.0022629147861152887,0.0,0.0012603531358763576,0.0007062684744596481,0.0,0.0022629147861152887,3.646467666840181e-05,0.006155644543468952,0.0064486791379749775,0.8944271909999157,0.04051932635383408,0,4,4,0.0059999991208314896,1,1,2.5446405773424705,1.621970834077098,0,0,0,0,-0.014036893553566188,0,0,0.0,0,inf,7,1.0,3,0,6,0,0
5007,1,2,1,59aaa2e0bdaae0d157328a4bbf530002e6597f57f071b4abdfce4a01070b5c8a,85327ce11405b195585ae958b01b10b6afb74756d7c98175c161ae1fb0ffb096,1,0.0,0.2,-0.25,0,0,0,0.0,0.0,0.0,0.003993520513176918,3.43699794029817e-05,0.006497396621853113,0.007093531545251608,0.7826237921249264,0.11761376087345812,0,0.00034358265111222863,0.0009333843481726944,0.001429752679541707,0.0,1.0,1,0.0,0.00034358265111222863,0.0009333843481726944,0.001429752679541707,0.0,1.0,1,0.0,-0.004799637012183666,0.004799637012183666,0.00566369853913784,0.0,1.0,1,0.0,0.001848028623636746,0.0024012179287050826,0.37699357939035494,0,0.001848028623636746,0.0024012179287050826,0.5765566601970551,1.1531133203941102,2,0.005859083396521433,0.006354501905724842,0.0003747800901737573,0.00023399998730421097,65,2,3,0.003684474155306816,-0.9999999999999999,0.0,0,5,nan,nan,0.0,nan,0.7826237921249264,0.006497396621853113,0.003993520513176918,0.0,0.0009333843481726944,0.00034358265111222863,0.0,0.003993520513176918,3.43699794029817e-05,0.006497396621853113,0.007093531545251608,0.7826237921249264,0.11761376087345812,0,4,1,0.0059999991208314896,1,0,3.279137697032961,1.2281582317286126,0,0,0,0,-0.01830587410950102,0,0,0.0,0,inf,7,0.8571428571428571,1,0,6,0,0
5007,2,0,2,b3d5000b4fad3c01d4108f5d56ac1941cc185d8343a73eabb324d770b1de81f7,85327ce11405b195585ae958b01b10b6afb74756d7c98175c161ae1fb0ffb096,1,0.0,0.2,-0.25,0,0,0,0.0,0.0,0.0,-0.0025319342967122793,0.000127726438222453,0.010232962667942047,0.011581758968532085,0.7826237921249264,0.11761376087345812,0,-0.0005888015148229897,0.002029094845056534,0.002250296762213111,0.35909242322980395,0.5528147466433508,0,1.0,-0.0005888015148229897,0.002029094845056534,0.002250296762213111,0.35909242322980395,0.5528147466433508,0,1.0,-0.0051879798993468285,0.007762008812278509,0.007845550775527954,-0.10259783520851541,0.8695979205185651,0,1.0,0.002351133822953913,0.0031178147584761673,0.19063492223425768,0,0.002351133822953913,0.0031178147584761673,0.6289709020331511,1.2579418040663022,2,0.0033303610944690615,0.004388498617375942,0.0006318499764311671,0.0010979999576210984,65,2,3,0.015956121031194925,-0.9999999999999999,0.0,1,4,0.0036007335586473368,nan,0.0,1.0,0.7826237921249264,0.010232962667942047,-0.0025319342967122793,0.35909242322980395,0.002029094845056534,-0.0005888015148229897,1.0,-0.0025319342967122793,0.000127726438222453,0.010232962667942047,0.011581758968532085,0.7826237921249264,0.11761376087345812,0,5,3,0.006000000052154064,1,0,5.370635492609877,5.318706964166278,0,0,0,0,-0.02964736707508564,0,0,0.0,0,inf,7,0.8571428571428571,6,0,6,0,0
5007,2,1,2,b3d5000b4fad3c01d4108f5d56ac1941cc185d8343a73eabb324d770b1de81f7,85327ce11405b195585ae958b01b10b6afb74756d7c98175c161ae1fb0ffb096,1,0.0,0.2,-0.25,0,0,0,0.0,0.0,0.0,0.001933099003508687,5.8885365433525294e-05,0.007418490014970303,0.007913421839475632,-0.11180339887498947,0.8579446176050994,0,-0.0006070243543945253,0.0012311280006542802,0.0016194448107853532,0.0,1.0,1,0.0,-0.0006070243543945253,0.0012311280006542802,0.0016194448107853532,0.0,1.0,1,0.0,0.003759098704904318,0.004162290599197149,0.00479182368144393,0.0,1.0,1,0.0,0.002098422857830108,0.0026022126022215175,0.24132625454990714,0,0.002098422857830108,0.0026022126022215175,0.36689969285267143,0.7337993857053429,2,0.0025720906525608512,0.0031873823689040695,0.0004401481777654313,0.00023399998730421097,65,2,3,0.00685673882253468,-0.9999999999999999,0.0,0,5,nan,nan,0.0,nan,-0.11180339887498947,0.007418490014970303,0.001933099003508687,0.0,0.0012311280006542802,-0.0006070243543945253,0.0,0.001933099003508687,5.8885365433525294e-05,0.007418490014970303,0.007913421839475632,-0.11180339887498947,0.8579446176050994,0,4,3,0.0059999991208314896,1,0,3.965605432521789,2.285579942413212,0,0,0,0,-0.021080189006170258,0,0,0.0,0,inf,7,0.42857142857142855,0,0,3,0,0
5007,2,2,2,b3d5000b4fad3c01d4108f5d56ac1941cc185d8343a73eabb324d770b1de81f7,85327ce11405b195585ae958b01b10b6afb74756d7c98175c161ae1fb0ffb096,1,0.0,0.2,-0.25,0,0,0,0.0,0.0,0.0,0.0007711855578236282,0.0001929869467858225,0.011286651715636253,0.013913363218307495,0.7826237921249264,0.11761376087345812,0,-0.0007349093211814761,0.001723935129120946,0.0020585122983902693,0.0,1.0,0,1.0,-0.0007349093211814761,0.001723935129120946,0.0020585122983902693,0.0,1.0,0,1.0,-0.004172076005488634,0.004172076005488634,0.005585778038948774,-0.35355339059327373,0.5594043441634877,0,0.0,0.0025050760144863784,0.004392479837515372,0.20622492487638566,0,0.0025050760144863784,0.004392479837515372,0.5093533820271291,1.0187067640542582,2,0.007106160506821023,0.007837180481569736,0.0012541021429936393,0.0010647691809351637,65,2,3,0.013923794031143188,-0.9999999999999999,0.3333333333333333,0,5,nan,nan,0.0,nan,0.7826237921249264,0.011286651715636253,0.0007711855578236282,0.0,0.001723935129120946,-0.0007349093211814761,1.0,0.0007711855578236282,0.0001929869467858225,0.011286651715636253,0.013913363218307495,0.7826237921249264,0.11761376087345812,0,4,1,0.026999998837709427,1,0,1.6527553412386757,1.0313921948542148,0,0,0,0,-0.04377680306788534,0,0,0.0,0,inf,7,0.8571428571428571,0,0,6,0,0
5007,3,0,3,3aa746e57aa08052db4b24642492f0ae04fbadcdbc1af17b00e301790685d04d,85327ce11405b195585ae958b01b10b6afb74756d7c98175c161ae1fb0ffb096,1,0.0,0.2,-0.25,0,0,0,0.0,0.0,0.0,-0.00032873786403797567,0.00017131927597802132,0.012363946065306664,0.013093027286231518,0.7826237921249264,0.11761376087345812,0,0.0011860188096761703,0.001800847239792347,0.002130364766344428,0.5270462766947299,0.3614548502018726,0,1.0,0.0011860188096761703,0.001800847239792347,0.002130364766344428,0.5270462766947299,0.3614548502018726,0,1.0,0.003671221900731325,0.004401896148920059,0.007215936202555895,-0.31622776601683794,0.6041813035905923,0,0.0,0.0026642685491569643,0.003703444187466945,0.2520984044146056,0,0.0026642685491569643,0.003703444187466945,0.5765566601970551,1.1531133203941102,2,0.0036371572587925653,0.0047678968277815505,0.0008915074252293755,0.0010979999632090348,65,2,3,0.015865856781601906,-0.9999999999999999,0.6666666666666666,1,4,0.003575296280690688,nan,0.0,1.0,0.7826237921249264,0.012363946065306664,-0.00032873786403797567,0.5270462766947299,0.001800847239792347,0.0011860188096761703,1.0,-0.00032873786403797567,0.00017131927597802132,0.012363946065306664,0.013093027286231518,0.7826237921249264,0.11761376087345812,0,5,3,0.006000001914799213,1,0,6.10729748435883,5.28861723942728,0,0,0,0,-0.033098045736551285,0,0,0.0,0,inf,7,0.8571428571428571,6,0,6,0,0
5007,3,1,3,3aa746e57aa08052db4b24642492f0ae04fbadcdbc1af17b00e301790685d04d,85327ce11405b195585ae958b01b10b6afb74756d7c98175c161ae1fb0ffb096,1,0.0,0.2,-0.25,0,0,0,0.0,0.0,0.0,0.002761382842436433,6.975801807129756e-05,0.0084006916731596,0.00879677478224039,-0.6708203932499368,0.21516994256955022,0,0.0005074095679447055,0.0010609830496832728,0.0011882982216775417,0.0,1.0,1,0.0,0.0005074095679447055,0.0010609830496832728,0.0011882982216775417,0.0,1.0,1,0.0,0.006104279775172472,0.006104279775172472,0.0072373091243207455,0.0,1.0,1,0.0,0.0017499743824061446,0.002334901226565961,0.36052043940586126,0,0.0017499743824061446,0.002334901226565961,0.5765566601970551,1.1531133203941102,2,0.0021732542334715475,0.0026795342602031536,0.0003543646429582499,0.00023399998730421097,65,2,3,0.007049135863780975,-0.9999999999999999,0.3333333333333333,0,5,nan,nan,0.0,nan,-0.6708203932499368,0.0084006916731596,0.002761382842436433,0.0,0.0010609830496832728,0.0005074095679447055,0.0,0.002761382842436433,6.975801807129756e-05,0.0084006916731596,0.00879677478224039,-0.6708203932499368,0.21516994256955022,0,4,3,0.0059999991208314896,1,0,2.7632092410496005,2.349712298892502,0,0,0,0,-0.017999999108724296,0,0,0.0,0,inf,7,0.14285714285714285,0,0,1,0,0
5007,3,2,3,3aa746e57aa08052db4b24642492f0ae04fbadcdbc1af17b00e301790685d04d,85327ce11405b195585ae958b01b10b6afb74756d7c98175c161ae1fb0ffb096,1,0.0,0.2,-0.25,0,0,0,0.0,0.0,0.0,0.0028967750258743763,0.0002538959088269621,0.014394906349480152,0.016195282340049744,-0.44721359549995787,0.45018485575210104,0,0.001435370882973075,0.0015376447699964046,0.001768666785210371,0.8720815992723809,0.05385421772754213,0,1.0,0.001435370882973075,0.0015376447699964046,0.001768666785210371,0.8720815992723809,0.05385421772754213,0,1.0,0.004554382059723139,0.004984297789633274,0.00592013681307435,-0.35909242322980395,0.5528147466433508,0,1.0,0.0036138280994705185,0.00544626666622977,0.12393925875019914,0,0.0036138280994705185,0.00544626666622977,0.3731410393588117,0.7462820787176234,2,0.006130543935041015,0.007624349285565506,0.0019280183389795596,0.0010647691921110353,65,2,3,0.014372664969414473,0.9999999999999999,1.0,0,5,nan,nan,0.0,nan,-0.44721359549995787,0.014394906349480152,0.0028967750258743763,0.8720815992723809,0.0015376447699964046,0.001435370882973075,1.0,0.0028967750258743763,0.0002538959088269621,0.014394906349480152,0.016195282340049744,-0.44721359549995787,0.45018485575210104,0,4,3,0.026999997906386852,1,0,1.8139981467369197,1.0922345366419326,0,0,0,0,-0.05284516210667789,0,0,0.0,0,inf,7,0.2857142857142857,0,0,1,0,0
5007,4,0,4,8daee4af4b56e5101f7d216bc21141a8e280963fa07f5820e697dff56b7842af,85327ce11405b195585ae958b01b10b6afb74756d7c98175c161ae1fb0ffb096,1,0.0,0.2,-0.25,0,0,0,0.0,0.0,0.0,-0.0012129914248362184,0.00015925192565191537,0.011763030663132668,0.01267766859382391,0.7826237921249264,0.11761376087345812,0,0.0012693169992417097,0.0013184512499719858,0.0019025275250896811,0.6708203932499368,0.21516994256955022,0,1.0,0.0012693169992417097,0.0013184512499719858,0.0019025275250896811,0.6708203932499368,0.21516994256955022,0,1.0,-0.0017340518534183502,0.006246174685657024,0.007118965499103069,-0.7826237921249264,0.11761376087345812,0,1.0,0.0025055275910352112,0.0034854092525152796,0.259838058882129,0,0.0025055275910352112,0.0034854092525152796,0.5295905997495436,1.0591811994990872,2,0.0045472492105685745,0.005545824693030299,0.0007896250477387428,0.001101692281998125,65,2,3,0.016220026649534702,-0.9999999999999999,0.3333333333333333,1,4,0.0035526615465633,nan,0.0,1.0,0.7826237921249264,0.011763030663132668,-0.0012129914248362184,0.6708203932499368,0.0013184512499719858,0.0012693169992417097,1.0,-0.0012129914248362184,0.00015925192565191537,0.011763030663132668,0.01267766859382391,0.7826237921249264,0.11761376087345812,0,5,3,0.00599999725818634,1,0,5.949482324110338,5.406678020528842,0,0,0,0,-0.03301698388531804,0,0,0.0,0,inf,7,0.8571428571428571,6,0,6,0,0
5007,4,1,4,8daee4af4b56e5101f7d216bc21141a8e280963fa07f5820e697dff56b7842af,85327ce11405b195585ae958b01b10b6afb74756d7c98175c161ae1fb0ffb096,1,0.0,0.2,-0.25,0,0,0,0.0,0.0,0.0,0.0030690461862832308,4.672912837122567e-05,0.007003935519605875,0.0074932086281478405,0.7826237921249264,0.11761376087345812,0,0.00024004836450330913,0.0009704757248982787,0.0011278032325208187,-0.6708203932499368,0.21516994256955022,0,0.0,0.00024004836450330913,0.0009704757248982787,0.0011278032325208187,-0.6708203932499368,0.21516994256955022,0,0.0,0.0004476015456020832,0.004574187099933624,0.004887652117758989,0.6708203932499368,0.21516994256955022,0,1.0,0.0016259772160928147,0.002076560416832109,0.24911543208098036,0,0.0016259772160928147,0.002076560416832109,0.5206983145802291,1.0413966291604582,2,0.002107166482780415,0.0025560268791907045,0.0002802867057090063,0.0002349230645298961,65,2,3,0.004918611142784357,-0.9999999999999999,0.0,0,5,nan,nan,0.0,nan,0.7826237921249264,0.007003935519605875,0.0030690461862832308,-0.6708203932499368,0.0009704757248982787,0.00024004836450330913,0.0,0.0030690461862832308,4.672912837122567e-05,0.007003935519605875,0.0074932086281478405,0.7826237921249264,0.11761376087345812,0,4,2,0.0059999991208314896,1,0,2.7337186988257574,1.639537287833045,0,0,0,0,-0.016150173760252073,0,0,0.0,0,inf,7,0.8571428571428571,3,0,6,0,0
5007,4,2,4,8daee4af4b56e5101f7d216bc21141a8e280963fa07f5820e697dff56b7842af,85327ce11405b195585ae958b01b10b6afb74756d7c98175c161ae1fb0ffb096,1,0.0,0.2,-0.25,0,0,0,0.0,0.0,0.0,0.0028687207959592342,0.00024460876011289656,0.013956675305962563,0.01590088941156864,-0.11180339887498947,0.8579446176050994,0,0.0013134237378835678,0.0017229060176759958,0.001885089324787259,0.15389675281277312,0.8048288166080632,0,1.0,0.0013134237378835678,0.0017229060176759958,0.001885089324787259,0.15389675281277312,0.8048288166080632,0,1.0,0.0019405143102630973,0.006956561468541622,0.00785426888614893,-0.20519567041703082,0.7405819415910723,0,0.0,0.003754654318953936,0.0057010004016392266,0.04463798328160326,0,0.003754654318953936,0.0057010004016392266,0.27076520307040525,0.5415304061408105,2,0.00674833905739853,0.008276270023761679,0.00211259136266689,0.0010647691921110353,65,2,3,0.013859943486750126,0.9999999999999999,1.0,0,5,nan,nan,0.0,nan,-0.11180339887498947,0.013956675305962563,0.0028687207959592342,0.15389675281277312,0.0017229060176759958,0.0013134237378835678,1.0,0.0028687207959592342,0.00024460876011289656,0.013956675305962563,0.01590088941156864,-0.11180339887498947,0.8579446176050994,0,4,3,0.026999997906386852,1,0,1.9473423449262421,1.0765939287796116,0,0,0,0,-0.05579793779179454,0,0,0.0,0,inf,7,0.42857142857142855,0,0,2,0,0
5007,5,0,5,be4b8ee81374ce2eec0a062363d13b79bb223ee69a4fd913bf10934fd22f9169,85327ce11405b195585ae958b01b10b6afb74756d7c98175c161ae1fb0ffb096,1,0.0,0.2,-0.25,0,0,0,0.0,0.0,0.0,0.017699625343084335,0.000245322153205052,0.0218419898301363,0.023634696379303932,-0.22360679774997894,0.7176856442107861,0,0.0008977578254416585,0.0022313257213681936,0.002400438068434596,0.7071067811865475,0.18169011381620942,0,1.0,0.0008977578254416585,0.0022313257213681936,0.002400438068434596,0.7071067811865475,0.18169011381620942,0,1.0,-0.009387942031025887,0.010377067141234875,0.011208212934434414,-0.35355339059327373,0.5594043441634877,0,1.0,0.006637732739720119,0.008557369819085238,0.3031267606063833,0,0.006637732739720119,0.008557369819085238,0.39310681377071943,0.7862136275414389,2,0.0937560096848756,0.09533978958402611,0.00475985758433841,0.0010979999799728413,65,2,3,0.010796253569424152,-0.9999999999999999,1.0,1,4,0.00355056032445282,nan,0.0,1.0,-0.22360679774997894,0.0218419898301363,0.017699625343084335,0.7071067811865475,0.0022313257213681936,0.0008977578254416585,1.0,0.017699625343084335,0.000245322153205052,0.0218419898301363,0.023634696379303932,-0.22360679774997894,0.7176856442107861,0,5,3,0.00599999725818634,1,0,11.355682187888828,3.5987528343263304,0,0,0,0,-0.059573885053396225,0,0,0.0,0,inf,7,0.42857142857142855,0,0,0,0,0
5007,5,1,5,be4b8ee81374ce2eec0a062363d13b79bb223ee69a4fd913bf10934fd22f9169,85327ce11405b195585ae958b01b10b6afb74756d7c98175c161ae1fb0ffb096,1,1.0,0.2,1.0,0,0,0,0.0,0.0,0.0,0.0025094628799706697,3.560785989975557e-05,0.006140181329101324,0.006473428104072809,0.8944271909999157,0.04051932635383408,0,0.00017521591507829726,0.000958915043156594,0.0012034343089908361,0.35355339059327373,0.5594043441634877,0,1.0,0.00017521591507829726,0.000958915043156594,0.0012034343089908361,0.35355339059327373,0.5594043441634877,0,1.0,-0.003648237558081746,0.004051410127431154,0.005913590081036091,-0.7071067811865475,0.18169011381620942,0,0.0,0.001484462450335585,0.0019363462536610308,0.23090775831614893,0,0.001484462450335585,0.0019363462536610308,0.6433113685910501,1.2866227371821002,2,0.0016676258864418531,0.0022077038563622898,0.0002437133929143621,0.00023492306452989613,65,2,3,0.004538398236036301,0.9999999999999999,0.0,0,5,nan,nan,0.0,nan,0.8944271909999157,0.006140181329101324,0.0025094628799706697,0.35355339059327373,0.000958915043156594,0.00017521591507829726,1.0,0.0025094628799706697,3.560785989975557e-05,0.006140181329101324,0.006473428104072809,0.8944271909999157,0.04051932635383408,0,4,4,0.0059999991208314896,1,1,2.280222329044075,1.5127996336797336,0,0,0,0,-0.013829162198817357,0,0,0.0,0,inf,7,1.0,4,0,6,0,0
5007,5,2,5,be4b8ee81374ce2eec0a062363d13b79bb223ee69a4fd913bf10934fd22f9169,85327ce11405b195585ae958b01b10b6afb74756d7c98175c161ae1fb0ffb096,1,0.0,0.2,-0.25,0,0,0,0.0,0.0,0.0,0.003978081047534943,0.00023752517881803215,0.013922159560024738,0.015916980803012848,-0.11180339887498947,0.8579446176050994,0,0.0009647016413509846,0.001703476533293724,0.0018802339909598231,0.0,1.0,0,1.0,0.0009647016413509846,0.001703476533293724,0.0018802339909598231,0.0,1.0,0,1.0,-0.005608383100479841,0.005608383100479841,0.0074472385458648205,-0.7,0.1881204043741873,0,0.0,0.003466938436031341,0.0051999698181485615,0.10108679482448675,0,0.003466938436031341,0.0051999698181485615,0.5855220973974875,1.171044194794975,2,0.0035279668151186063,0.005591039536395136,0.0017575795971276392,0.0010647691697592931,65,2,3,0.012910012621432543,0.9999999999999999,1.0,0,5,nan,nan,0.0,nan,-0.11180339887498947,0.013922159560024738,0.003978081047534943,0.0,0.001703476533293724,0.0009647016413509846,1.0,0.003978081047534943,0.00023752517881803215,0.013922159560024738,0.015916980803012848,-0.11180339887498947,0.8579446176050994,0,4,3,0.026999999769032,1,0,1.7852330802056042,1.0726108530604574,0,0,0,0,-0.050831022672355175,0,0,0.0,0,inf,7,0.42857142857142855,0,0,3,0,0
5007,6,0,6,691caca1467e53e2caed2e2e04e0c1b696611c40e56f9b173e0b2048ebef0a6d,85327ce11405b195585ae958b01b10b6afb74756d7c98175c161ae1fb0ffb096,1,0.0,0.2,-0.25,0,0,0,0.0,0.0,0.0,-0.0016909971600398421,0.0001485233224229887,0.011209862306714058,0.012303771451115608,0.7826237921249264,0.11761376087345812,0,0.0009770349133759737,0.0014048132579773664,0.0019251228077337146,0.8944271909999157,0.04051932635383408,0,1.0,0.0009770349133759737,0.0014048132579773664,0.0019251228077337146,0.8944271909999157,0.04051932635383408,0,1.0,-0.005875238683074713,0.00864333938807249,0.008968007750809193,-0.7826237921249264,0.11761376087345812,0,1.0,0.0023075497824941163,0.0032659776292920145,0.4129826686558411,0,0.0023075497824941163,0.0032659776292920145,0.6027637811151031,1.2055275622302062,2,0.003578663065742988,0.004500124646998934,0.0006933296418773327,0.0010979999799728413,65,2,3,0.016126074828207493,-0.9999999999999999,0.0,1,4,0.0033771312972530713,nan,0.0,1.0,0.7826237921249264,0.011209862306714058,-0.0016909971600398421,0.8944271909999157,0.0014048132579773664,0.0009770349133759737,1.0,-0.0016909971600398421,0.0001485233224229887,0.011209862306714058,0.012303771451115608,0.7826237921249264,0.11761376087345812,0,5,3,0.00599999725818634,1,0,5.763271275142617,5.375360732442078,0,0,0,0,-0.030955941881984472,0,0,0.0,0,inf,7,0.8571428571428571,6,0,6,0,0
5007,6,1,6,691caca1467e53e2caed2e2e04e0c1b696611c40e56f9b173e0b2048ebef0a6d,85327ce11405b195585ae958b01b10b6afb74756d7c98175c161ae1fb0ffb096,1,1.0,0.2,1.0,0,0,0,0.0,0.0,0.0,0.0029159251134842634,3.706603456521407e-05,0.006271485239267349,0.006750456523150206,0.8944271909999157,0.04051932635383408,0,-0.0012061941670253873,0.002431692322716117,0.0027202346827834845,-0.8207826816681233,0.08858700531354384,0,0.0,-0.0012061941670253873,0.002431692322716117,0.0027202346827834845,-0.8207826816681233,0.08858700531354384,0,0.0,-0.0070342570543289185,0.0070342570543289185,0.008131902664899826,0.8207826816681233,0.08858700531354384,0,1.0,0.001660801879352113,0.0021300129901245584,0.20372990922182477,0,0.001660801879352113,0.0021300129901245584,0.39231364865316354,0.7846272973063271,2,0.019989473387809435,0.02013961586167456,0.0002949020969764585,0.00023492305349730633,65,2,3,0.004194450099021196,0.9999999999999999,0.0,0,5,nan,nan,0.0,nan,0.8944271909999157,0.006271485239267349,0.0029159251134842634,-0.8207826816681233,0.002431692322716117,-0.0012061941670253873,0.0,0.0029159251134842634,3.706603456521407e-05,0.006271485239267349,0.006750456523150206,0.8944271909999157,0.04051932635383408,0,4,4,0.006000000052154064,1,1,2.8945796745291505,1.3981500208538644,0,0,0,0,-0.0168451571080368,0,0,0.0,0,inf,7,1.0,2,0,6,0,0
5007,6,2,6,691caca1467e53e2caed2e2e04e0c1b696611c40e56f9b173e0b2048ebef0a6d,85327ce11405b195585ae958b01b10b6afb74756d7c98175c161ae1fb0ffb096,1,0.0,0.2,-0.25,0,0,0,0.0,0.0,0.0,0.002703309990465641,0.00024209919502027333,0.013702116906642914,0.01579262688755989,-0.11180339887498947,0.8579446176050994,0,0.0012453484814614058,0.0017344556981697679,0.0019408839289098978,0.15389675281277312,0.8048288166080632,0,1.0,0.0012453484814614058,0.0017344556981697679,0.0019408839289098978,0.15389675281277312,0.8048288166080632,0,1.0,-0.0005041384138166904,0.006487369537353516,0.0072311158291995525,-0.20519567041703082,0.7405819415910723,0,0.0,0.0036060235424507296,0.005468685037215026,0.10587563905647644,0,0.0036060235424507296,0.005468685037215026,0.31535176816524924,0.6307035363304985,2,0.004764122508752805,0.006724717950737894,0.0019439235423568684,0.0010647691921110353,65,2,3,0.013748509343713522,0.9999999999999999,1.0,0,5,nan,nan,0.0,nan,-0.11180339887498947,0.013702116906642914,0.002703309990465641,0.15389675281277312,0.0017344556981697679,0.0012453484814614058,1.0,0.002703309990465641,0.00024209919502027333,0.013702116906642914,0.01579262688755989,-0.11180339887498947,0.8579446176050994,0,4,3,0.026999997906386852,1,0,1.869935687342156,1.0909547083491637,0,0,0,0,-0.053201161324977875,0,0,0.0,0,inf,7,0.42857142857142855,0,0,2,0,0
5007,7,0,7,0ba9ce651f182cbcf365025f23f3059cc9dda6ad93aa54d28c83964a7fefaa91,85327ce11405b195585ae958b01b10b6afb74756d7c98175c161ae1fb0ffb096,1,0.0,0.2,-0.25,0,0,0,0.0,0.0,0.0,0.016730327159166336,0.0002705351507756859,0.02135157398879528,0.023461436852812767,-0.22360679774997894,0.7176856442107861,0,-0.0004256172978784889,0.003930148668587208,0.004330395255237818,0.7071067811865475,0.18169011381620942,0,1.0,-0.0004256172978784889,0.003930148668587208,0.004330395255237818,0.7071067811865475,0.18169011381620942,0,1.0,-0.012368137016892433,0.012368137016892433,0.013782763853669167,-0.35355339059327373,0.5594043441634877,0,1.0,0.006578763325825422,0.008461264910121192,0.30291691168938345,0,0.006578763325825422,0.008461264910121192,0.4193139346887673,0.8386278693775346,2,0.0957112075013216,0.09697645577869704,0.004653545252151132,0.0010979999799728413,65,2,3,0.00957760214805603,-0.9999999999999999,1.0,1,4,0.004262512660585346,nan,0.25,1.0,-0.22360679774997894,0.02135157398879528,0.016730327159166336,0.7071067811865475,0.003930148668587208,-0.0004256172978784889,1.0,0.016730327159166336,0.0002705351507756859,0.02135157398879528,0.023461436852812767,-0.22360679774997894,0.7176856442107861,0,5,3,0.00599999725818634,1,0,10.341500156462264,3.192535508241588,0,0,0,0,-0.05984980706125498,0,0,0.0,0,inf,7,0.42857142857142855,0,0,0,0,0
5007,7,1,7,0ba9ce651f182cbcf365025f23f3059cc9dda6ad93aa54d28c83964a7fefaa91,85327ce11405b195585ae958b01b10b6afb74756d7c98175c161ae1fb0ffb096,1,1.0,0.2,1.0,0,0,0,0.0,0.0,0.0,0.003235964570194483,2.829025652317796e-05,0.005693136714398861,0.006225891411304474,0.8944271909999157,0.04051932635383408,0,-0.00011406700650695711,0.0007580140372738242,0.0009656709153205156,0.22360679774997894,0.7176856442107861,0,1.0,-0.00011406700650695711,0.0007580140372738242,0.0009656709153205156,0.22360679774997894,0.7176856442107861,0,1.0,-0.006115796975791454,0.006115796975791454,0.00764327822253108,-0.44721359549995787,0.45018485575210104,0,0.0,0.0014728541303420516,0.0018826119215848477,0.2453135034645066,0,0.0014728541303420516,0.0018826119215848477,0.6637468775928537,1.3274937551857073,2,0.0015097906141398618,0.001961660292530297,0.00023037479707407052,0.00023492306452989613,65,2,3,0.003071465529501438,0.9999999999999999,0.0,0,5,nan,nan,0.0,nan,0.8944271909999157,0.005693136714398861,0.003235964570194483,0.22360679774997894,0.0007580140372738242,-0.00011406700650695711,1.0,0.003235964570194483,2.829025652317796e-05,0.005693136714398861,0.006225891411304474,0.8944271909999157,0.04051932635383408,0,4,4,0.0059999991208314896,1,1,2.2763837418218222,1.0238219931858221,0,0,0,0,-0.011858385463710874,0,0,0.0,0,inf,7,1.0,3,0,6,0,0
5007,7,2,7,0ba9ce651f182cbcf365025f23f3059cc9dda6ad93aa54d28c83964a7fefaa91,85327ce11405b195585ae958b01b10b6afb74756d7c98175c161ae1fb0ffb096,1,1.0,0.2,1.0,0,0,0,0.0,0.0,0.0,0.005239042453467846,2.2435820937971584e-05,0.006015712860971689,0.007062817458063364,0.8944271909999157,0.04051932635383408,0,-0.00030801037792116404,0.0012917834101244807,0.0016285969177260995,0.0,1.0,1,0.0,-0.00030801037792116404,0.0012917834101244807,0.0016285969177260995,0.0,1.0,1,0.0,-0.0109962597489357,0.0109962597489357,0.011773983016610146,0.0,1.0,1,0.0,0.0019797446528765144,0.0024464322067612866,0.40679212560434347,0,0.0019797446528765144,0.0024464322067612866,0.6027637811151031,1.2055275622302062,2,0.0034237850223479862,0.003933763090639091,0.0003890269852481284,0.00023399998730421097,65,2,3,0.0015202555805444717,0.9999999999999999,0.0,0,5,nan,nan,0.0,nan,0.8944271909999157,0.006015712860971689,0.005239042453467846,0.0,0.0012917834101244807,-0.00030801037792116404,0.0,0.005239042453467846,2.2435820937971584e-05,0.006015712860971689,0.007062817458063364,0.8944271909999157,0.04051932635383408,0,4,4,0.0059999991208314896,1,1,2.7094010042763235,0.6405369447402831,0,0,1,0,-0.01329691568389535,0,0,0.0,0,inf,7,1.0,3,0,7,0,0
5007,8,0,8,d26dff62ed304da782525971092e9995f00538339c5e06f0b22c25423129071e,85327ce11405b195585ae958b01b10b6afb74756d7c98175c161ae1fb0ffb096,1,0.0,0.2,-0.25,0,0,0,0.0,0.0,0.0,0.0005449041491374373,0.00013559074432123452,0.010860532522201538,0.011657086201012135,0.7826237921249264,0.11761376087345812,0,-0.001088020741008222,0.002715833019465208,0.0027968473732471466,0.44721359549995787,0.45018485575210104,0,1.0,-0.001088020741008222,0.002715833019465208,0.0027968473732471466,0.44721359549995787,0.45018485575210104,0,1.0,-0.004349031951278448,0.0073537216521799564,0.0075103044509887695,-0.7826237921249264,0.11761376087345812,0,1.0,0.002854517262605344,0.003502630727245026,0.4129826686558411,0,0.002854517262605344,0.003502630727245026,0.6027637811151031,1.2055275622302062,2,0.0037867694770774016,0.004693314387789801,0.0007974474307436664,0.0010979999799728413,65,2,3,0.012894535437226295,-0.9999999999999999,0.3333333333333333,1,4,0.0016061133882030836,nan,0.0,1.0,0.7826237921249264,0.010860532522201538,0.0005449041491374373,0.44721359549995787,0.002715833019465208,-0.001088020741008222,1.0,0.0005449041491374373,0.00013559074432123452,0.010860532522201538,0.011657086201012135,0.7826237921249264,0.11761376087345812,0,5,3,0.00599999725818634,1,0,4.786107353912675,4.298180443210407,0,0,0,0,-0.022432837402448058,0,0,0.0,0,inf,7,0.8571428571428571,6,0,6,0,0
5007,8,1,8,d26dff62ed304da782525971092e9995f00538339c5e06f0b22c25423129071e,85327ce11405b195585ae958b01b10b6afb74756d7c98175c161ae1fb0ffb096,1,1.0,0.2,1.0,0,0,0,0.0,0.0,0.0,0.0039630914106965065,2.00429349206388e-05,0.005131043493747711,0.005979049019515514,0.8944271909999157,0.04051932635383408,0,-0.0004641828127205372,0.0008979385020211339,0.0013878317549824715,0.7071067811865475,0.18169011381620942,0,1.0,-0.0004641828127205372,0.0008979385020211339,0.0013878317549824715,0.7071067811865475,0.18169011381620942,0,1.0,0.0007338901632465422,0.004228087607771158,0.004495738539844751,-0.7071067811865475,0.18169011381620942,0,0.0,0.001513923001172539,0.0018923327620789807,0.24180860052119482,0,0.001513923001172539,0.0018923327620789807,0.6637468775928537,1.3274937551857073,2,0.0017051067122688087,0.0022006251764184505,0.0002327600133584352,0.00023492306452989613,65,2,3,0.0015298319049179554,0.9999999999999999,0.0,0,5,nan,nan,0.0,nan,0.8944271909999157,0.005131043493747711,0.0039630914106965065,0.7071067811865475,0.0008979385020211339,-0.0004641828127205372,1.0,0.0039630914106965065,2.00429349206388e-05,0.005131043493747711,0.005979049019515514,0.8944271909999157,0.04051932635383408,0,4,4,0.0059999991208314896,1,1,2.188527510884834,0.5858981095806606,0,0,1,0,-0.010190827830228955,0,0,0.0,0,inf,7,1.0,3,0,7,0,0
5007,8,2,8,d26dff62ed304da782525971092e9995f00538339c5e06f0b22c25423129071e,85327ce11405b195585ae958b01b10b6afb74756d7c98175c161ae1fb0ffb096,1,0.0,0.2,-0.25,0,0,0,0.0,0.0,0.0,0.004283057991415262,0.00021659801132045686,0.013759767636656761,0.015327837318181992,0.3354101966249684,0.5810906728217107,0,0.0010648116003721952,0.0013035929296165705,0.0015614450676366687,-0.10259783520851541,0.8695979205185651,0,1.0,0.0010648116003721952,0.0013035929296165705,0.0015614450676366687,-0.10259783520851541,0.8695979205185651,0,1.0,-0.0016413598787039518,0.004020202439278364,0.004977669101208448,-0.6668859288553501,0.21889398131323157,0,0.0,0.0035404005391005224,0.00516668355965481,0.14197806577950742,0,0.0035404005391005224,0.00516668355965481,0.561371041304447,1.122742082608894,2,0.004428266490308138,0.00587108465700592,0.0017351502353644744,0.0010647691697592931,65,2,3,0.013223368674516678,0.9999999999999999,1.0,0,5,nan,nan,0.0,nan,0.3354101966249684,0.013759767636656761,0.004283057991415262,-0.10259783520851541,0.0013035929296165705,0.0010648116003721952,1.0,0.004283057991415262,0.00021659801132045686,0.013759767636656761,0.015327837318181992,0.3354101966249684,0.5810906728217107,0,4,3,0.026999999769032,1,0,1.823508541211145,1.026626871331574,0,0,0,0,-0.05157035123556852,0,0,0.0,0,inf,7,0.7142857142857143,0,0,3,0,0
5007,9,0,9,b531d33e106f57d56e7862b2285d3aac64a371417c54ded8b840373166a1887a,85327ce11405b195585ae958b01b10b6afb74756d7c98175c161ae1fb0ffb096,1,0.0,0.2,-0.25,0,0,0,0.0,0.0,0.0,0.017523396760225296,0.0003623951633926481,0.02380136214196682,0.02587401308119297,-0.22360679774997894,0.7176856442107861,0,-0.0007853118586353958,0.004345466382801533,0.00496200006455183,0.7071067811865475,0.18169011381620942,0,1.0,-0.0007853118586353958,0.004345466382801533,0.00496200006455183,0.7071067811865475,0.18169011381620942,0,1.0,-0.008974621072411537,0.010225562378764153,0.01094728708267212,-0.35355339059327373,0.5594043441634877,0,1.0,0.007079693628524581,0.008892872219312434,0.3131995086223795,0,0.007079693628524581,0.008892872219312434,0.4455210556068153,0.8910421112136306,2,0.08168613235674667,0.0853907388246655,0.005140406460086226,0.0010979999799728413,65,2,3,0.012134026736021042,-0.9999999999999999,1.0,1,4,0.004504006466828289,nan,0.5,1.0,-0.22360679774997894,0.02380136214196682,0.017523396760225296,0.7071067811865475,0.004345466382801533,-0.0007853118586353958,1.0,0.017523396760225296,0.0003623951633926481,0.02380136214196682,0.02587401308119297,-0.22360679774997894,0.7176856442107861,0,5,3,0.00599999725818634,1,0,10.222349020124028,4.0446774269656505,0,0,0,0,-0.06907708197832108,0,0,0.0,0,inf,7,0.42857142857142855,0,0,0,0,0
5007,9,1,9,b531d33e106f57d56e7862b2285d3aac64a371417c54ded8b840373166a1887a,85327ce11405b195585ae958b01b10b6afb74756d7c98175c161ae1fb0ffb096,1,1.0,0.2,1.0,0,0,0,0.0,0.0,0.0,0.005554033908993006,2.9530192477977835e-05,0.006934454198926687,0.00777029525488615,0.8944271909999157,0.04051932635383408,0,-0.0006821932038292289,0.0021129786036908627,0.002792336978018284,0.0,1.0,0,0.0,-0.0006821932038292289,0.0021129786036908627,0.002792336978018284,0.0,1.0,0,0.0,-0.005691857542842627,0.005691857542842627,0.0070269168354570866,0.7071067811865475,0.18169011381620942,0,1.0,0.0017585622360268552,0.0023081706111276663,0.2615608077864687,0,0.0017585622360268552,0.0023081706111276663,0.5149267026639845,1.029853405327969,2,0.0021979049714550805,0.002896996968769913,0.0003462973520547752,0.0002349230643507956,65,2,3,0.0027066185139119625,0.9999999999999999,0.3333333333333333,0,5,nan,nan,0.2,nan,0.8944271909999157,0.006934454198926687,0.005554033908993006,0.0,0.0021129786036908627,-0.0006821932038292289,0.0,0.005554033908993006,2.9530192477977835e-05,0.006934454198926687,0.00777029525488615,0.8944271909999157,0.04051932635383408,0,4,4,0.0059999991208314896,1,1,2.8275819758011314,0.9022063035025495,0,0,1,0,-0.01637872727587819,0,0,0.0,0,inf,7,1.0,0,0,6,0,0
5007,9,2,9,b531d33e106f57d56e7862b2285d3aac64a371417c54ded8b840373166a1887a,85327ce11405b195585ae958b01b10b6afb74756d7c98175c161ae1fb0ffb096,1,0.0,0.2,-0.25,0,0,0,0.0,0.0,0.0,0.004006191156804562,0.00022502538922708482,0.013632148504257202,0.015526589006185532,0.11180339887498947,0.8579446176050994,0,-3.094798739766702e-05,0.00120251695625484,0.0016059926711022854,-0.41039134083406165,0.49253578170279755,0,0.0,-3.094798739766702e-05,0.00120251695625484,0.0016059926711022854,-0.41039134083406165,0.49253578170279755,0,0.0,-0.001361409085802734,0.006017024628818035,0.00727457832545042,-0.20519567041703082,0.7405819415910723,0,0.0,0.003761206512179601,0.005566737742999843,0.1506128729957375,0,0.003761206512179601,0.005566737742999843,0.46848236402352206,0.9369647280470441,2,0.004934774339199066,0.006449982627805759,0.002014256991457034,0.0010647691921110353,65,2,3,0.012692638207226992,0.9999999999999999,1.0,0,5,nan,nan,0.0,nan,0.11180339887498947,0.013632148504257202,0.004006191156804562,-0.41039134083406165,0.00120251695625484,-3.094798739766702e-05,0.0,0.004006191156804562,0.00022502538922708482,0.013632148504257202,0.015526589006185532,0.11180339887498947,0.8579446176050994,0,4,3,0.026999997906386852,1,0,1.9371223378875126,1.0565511977883237,0,0,0,0,-0.054799385368824005,0,0,0.0,0,inf,7,0.5714285714285714,0,0,3,0,0
5007,10,0,10,ac3eb2f5cb82d235c196dcef37651f7eeffa86a1ed0ee2eecd01a8e12bf27d1a,85327ce11405b195585ae958b01b10b6afb74756d7c98175c161ae1fb0ffb096,1,0.0,0.2,-0.25,0,0,0,0.0,0.0,0.0,0.0007100201910361648,0.00013065811072010547,0.010639829561114311,0.011452607810497284,0.7826237921249264,0.11761376087345812,0,-6.811600087530678e-06,0.0013981660595163703,0.0016589980805292726,0.8944271909999157,0.04051932635383408,0,1.0,-6.811600087530678e-06,0.0013981660595163703,0.0016589980805292726,0.8944271909999157,0.04051932635383408,0,1.0,-0.007255437318235636,0.008817107416689396,0.009280513972043991,-0.11180339887498947,0.8579446176050994,0,1.0,0.00275413268107987,0.003423071456121896,0.40962508598384234,0,0.00275413268107987,0.003423071456121896,0.5765566601970551,1.1531133203941102,2,0.0033351800977610624,0.004173905528188746,0.000761632182591571,0.0010979999799728413,65,2,3,0.012412261217832565,-0.9999999999999999,0.3333333333333333,1,4,0.0009370801215991369,nan,0.0,1.0,0.7826237921249264,0.010639829561114311,0.0007100201910361648,0.8944271909999157,0.0013981660595163703,-6.811600087530678e-06,1.0,0.0007100201910361648,0.00013065811072010547,0.010639829561114311,0.011452607810497284,0.7826237921249264,0.11761376087345812,0,5,3,0.00599999725818634,1,0,4.716483780699511,4.137422296617683,0,0,0,0,-0.021778372582048178,0,0,0.0,0,inf,7,0.8571428571428571,6,0,6,0,0
5007,10,1,10,ac3eb2f5cb82d235c196dcef37651f7eeffa86a1ed0ee2eecd01a8e12bf27d1a,85327ce11405b195585ae958b01b10b6afb74756d7c98175c161ae1fb0ffb096,1,1.0,0.2,1.0,0,0,0,0.0,0.0,0.0,0.005185980815440416,2.5364744942635298e-05,0.006413288414478302,0.007229048293083906,0.8944271909999157,0.04051932635383408,0,-0.0010920676868408918,0.0015849433839321136,0.002034047618508339,0.44721359549995787,0.45018485575210104,0,1.0,-0.0010920676868408918,0.0015849433839321136,0.002034047618508339,0.44721359549995787,0.45018485575210104,0,1.0,-0.0011650858214125037,0.003554780036211014,0.004204355180263519,-0.22360679774997894,0.7176856442107861,0,0.0,0.0016967257179117338,0.0021881176023480025,0.1458984667569912,0,0.0016967257179117338,0.0021881176023480025,0.6433113685910501,1.2866227371821002,2,0.0021918280077023577,0.0028651882434990554,0.0003112108117108361,0.00023492306431497552,65,2,3,0.0024212137795984745,0.9999999999999999,0.3333333333333333,0,5,nan,nan,0.0,nan,0.8944271909999157,0.006413288414478302,0.005185980815440416,0.44721359549995787,0.0015849433839321136,-0.0010920676868408918,1.0,0.005185980815440416,2.5364744942635298e-05,0.006413288414478302,0.007229048293083906,0.8944271909999157,0.04051932635383408,0,4,4,0.0059999991208314896,1,1,2.452937682869095,0.8070713781247817,0,0,1,0,-0.01356005237903446,0,0,0.0,0,inf,7,1.0,3,0,7,0,0
5007,10,2,10,ac3eb2f5cb82d235c196dcef37651f7eeffa86a1ed0ee2eecd01a8e12bf27d1a,85327ce11405b195585ae958b01b10b6afb74756d7c98175c161ae1fb0ffb096,1,1.0,0.2,1.0,0,0,0,0.0,0.0,0.0,0.005555473268032074,0.00019251677440479398,0.01382071990519762,0.014945903792977333,0.6708203932499368,0.21516994256955022,0,0.0005408100550994277,0.0014163781888782978,0.0016567682614549994,-0.7181848464596079,0.17179530490798894,0,1.0,0.0005408100550994277,0.0014163781888782978,0.0016567682614549994,-0.7181848464596079,0.17179530490798894,0,1.0,-0.00210944889113307,0.004139111842960119,0.005427129101008177,-0.6668859288553501,0.21889398131323157,0,0.0,0.0037615582655520126,0.005605737799456877,0.07103865821858261,0,0.0037615582655520126,0.005605737799456877,0.5130689291183661,1.0261378582367322,2,0.005265174720149774,0.006794547040296618,0.0020425792579568756,0.0010647691697592931,65,2,3,0.012234467547386885,0.9999999999999999,1.0,0,5,nan,nan,0.0,nan,0.6708203932499368,0.01382071990519762,0.005555473268032074,-0.7181848464596079,0.0014163781888782978,0.0005408100550994277,1.0,0.005555473268032074,0.00019251677440479398,0.01382071990519762,0.014945903792977333,0.6708203932499368,0.21516994256955022,0,4,4,0.026999999769032,1,1,2.0535834378283018,0.9819017750769953,0,0,1,0,-0.05837609805166721,0,0,0.0,0,inf,7,0.8571428571428571,0,0,4,0,0
5007,11,0,11,71379a4abbbd643c2b67c840c056884a9aba53db3908d60be23fbd018918e425,85327ce11405b195585ae958b01b10b6afb74756d7c98175c161ae1fb0ffb096,1,0.0,0.2,-0.25,0,0,0,0.0,0.0,0.0,0.017587408423423767,0.00034372834488749504,0.023412516340613365,0.025554751977324486,-0.22360679774997894,0.7176856442107861,0,-0.0003597474715206772,0.0057735685259103775,0.006377223879098892,0.7071067811865475,0.18169011381620942,0,1.0,-0.0003597474715206772,0.0057735685259103775,0.006377223879098892,0.7071067811865475,0.18169011381620942,0,1.0,-0.008173862472176552,0.009833850897848606,0.010386637412011623,-0.35355339059327373,0.5594043441634877,0,1.0,0.007133869312293055,0.008819877181036965,0.319704825049377,0,0.007133869312293055,0.008819877181036965,0.4193139346887673,0.8386278693775346,2,0.09921860563649366,0.1025048332525647,0.005056365176757477,0.0010979999799728413,65,2,3,0.011559353210031986,-0.9999999999999999,1.0,1,4,0.002421114704571667,nan,0.75,1.0,-0.22360679774997894,0.023412516340613365,0.017587408423423767,0.7071067811865475,0.0057735685259103775,-0.0003597474715206772,1.0,0.017587408423423767,0.00034372834488749504,0.023412516340613365,0.025554751977324486,-0.22360679774997894,0.7176856442107861,0,5,3,0.00599999725818634,1,0,10.05143805584461,3.8531194974332736,0,0,0,0,-0.06926739867776632,0,0,0.0,0,inf,7,0.42857142857142855,0,0,0,0,0
5007,11,1,11,71379a4abbbd643c2b67c840c056884a9aba53db3908d60be23fbd018918e425,85327ce11405b195585ae958b01b10b6afb74756d7c98175c161ae1fb0ffb096,1,1.0,0.2,1.0,0,0,0,0.0,0.0,0.0,0.00433125626295805,2.1319199731806293e-05,0.005592504981905222,0.006330796517431736,0.8944271909999157,0.04051932635383408,0,0.0002838075743056834,0.0017160605639219284,0.001872883178293705,-0.44721359549995787,0.45018485575210104,0,0.0,0.0002838075743056834,0.0017160605639219284,0.001872883178293705,-0.44721359549995787,0.45018485575210104,0,0.0,-0.001401321729645133,0.004191482439637184,0.004803181625902653,0.6708203932499368,0.21516994256955022,0,1.0,0.001694067905191332,0.002088491196713694,0.2485510833019725,0,0.001694067905191332,0.002088491196713694,0.5411338235820327,1.0822676471640653,2,0.0019301775941410317,0.0023340701039737902,0.00028351670611878886,0.0002349230645298961,65,2,3,0.00214181886985898,0.9999999999999999,0.0,0,5,nan,nan,0.0,nan,0.8944271909999157,0.005592504981905222,0.00433125626295805,-0.44721359549995787,0.0017160605639219284,0.0002838075743056834,0.0,0.00433125626295805,2.1319199731806293e-05,0.005592504981905222,0.006330796517431736,0.8944271909999157,0.04051932635383408,0,4,4,0.0059999991208314896,1,1,2.5503795625111563,0.7139397278985479,0,0,1,0,-0.013585913751740009,0,0,0.0,0,inf,7,1.0,3,0,7,0,0
5007,11,2,11,71379a4abbbd643c2b67c840c056884a9aba53db3908d60be23fbd018918e425,85327ce11405b195585ae958b01b10b6afb74756d7c98175c161ae1fb0ffb096,1,0.0,0.2,-0.25,0,0,0,0.0,0.0,0.0,0.003443018300458789,0.00024449548800475895,0.01380546111613512,0.016010930761694908,-0.22360679774997894,0.7176856442107861,0,0.0014297382440418005,0.0014297382440418005,0.0015819920226931572,0.6155870112510925,0.2689977701158222,0,1.0,0.0014297382440418005,0.0014297382440418005,0.0015819920226931572,0.6155870112510925,0.2689977701158222,0,1.0,-0.00405864929780364,0.004377368837594986,0.006636255886405706,-0.20519567041703082,0.7405819415910723,0,0.0,0.0037405396023621924,0.005321836241581118,0.18949431813318737,0,0.0037405396023621924,0.005321836241581118,0.5110128642933587,1.0220257285867174,2,0.004083501834135789,0.005584110469744751,0.0018409261638434053,0.0010647691921110353,65,2,3,0.013332551345229149,0.9999999999999999,1.0,0,5,nan,nan,0.0,nan,-0.22360679774997894,0.01380546111613512,0.003443018300458789,0.6155870112510925,0.0014297382440418005,0.0014297382440418005,1.0,0.003443018300458789,0.00024449548800475895,0.01380546111613512,0.016010930761694908,-0.22360679774997894,0.7176856442107861,0,4,3,0.026999997906386852,1,0,1.8124661468529555,1.0963404514240043,0,0,0,0,-0.049271478317677975,0,0,0.0,0,inf,7,0.42857142857142855,0,0,2,0,0
5007,12,0,12,756e33ec2126226a83663cb5f5ae36ae3dfa978846316fccb80f44a700a77659,85327ce11405b195585ae958b01b10b6afb74756d7c98175c161ae1fb0ffb096,1,0.0,0.2,-0.25,0,0,0,0.0,0.0,0.0,0.01756860874593258,0.00034183106618002057,0.023352090269327164,0.025504646822810173,-0.22360679774997894,0.7176856442107861,0,-0.00038803089410066605,0.005776416510343552,0.00638413755223155,0.7071067811865475,0.18169011381620942,0,1.0,-0.00038803089410066605,0.005776416510343552,0.00638413755223155,0.7071067811865475,0.18169011381620942,0,1.0,-0.00823887251317501,0.009872856549918652,0.010437875054776669,-0.35355339059327373,0.5594043441634877,0,1.0,0.007139437314194952,0.008818438325579723,0.319704825049377,0,0.007139437314194952,0.008818438325579723,0.4193139346887673,0.8386278693775346,2,0.09959387871894286,0.10286126339162978,0.005054715542633465,0.0010979999799728413,65,2,3,0.011481483466923237,-0.9999999999999999,1.0,1,4,0.002391912153922024,nan,0.75,1.0,-0.22360679774997894,0.023352090269327164,0.01756860874593258,0.7071067811865475,0.005776416510343552,-0.00038803089410066605,1.0,0.01756860874593258,0.00034183106618002057,0.023352090269327164,0.025504646822810173,-0.22360679774997894,0.7176856442107861,0,5,3,0.00599999725818634,1,0,10.03999489014114,3.827162904535667,0,0,0,0,-0.06927035842090845,0,0,0.0,0,inf,7,0.42857142857142855,0,0,0,0,0
5007,12,1,12,756e33ec2126226a83663cb5f5ae36ae3dfa978846316fccb80f44a700a77659,85327ce11405b195585ae958b01b10b6afb74756d7c98175c161ae1fb0ffb096,1,1.0,0.2,1.0,0,0,0,0.0,0.0,0.0,0.004371275659650564,2.1860763808945194e-05,0.00564295519143343,0.006400688551366329,0.8944271909999157,0.04051932635383408,0,0.0002792101295199245,0.0017315469449386,0.001891915686428547,-0.44721359549995787,0.45018485575210104,0,0.0,0.0002792101295199245,0.0017315469449386,0.001891915686428547,-0.44721359549995787,0.45018485575210104,0,0.0,-0.0012964169727638364,0.004212463274598122,0.004773630294948816,0.6708203932499368,0.21516994256955022,0,1.0,0.001706104815115094,0.0021048619332602247,0.2521153913799167,0,0.001706104815115094,0.0021048619332602247,0.5411338235820327,1.0822676471640653,2,0.0019773739195303418,0.002387198531275671,0.0002879788442757181,0.0002349230645298961,65,2,3,0.002133780624717474,0.9999999999999999,0.0,0,5,nan,nan,0.0,nan,0.8944271909999157,0.00564295519143343,0.004371275659650564,-0.44721359549995787,0.0017315469449386,0.0002792101295199245,0.0,0.004371275659650564,2.1860763808945194e-05,0.00564295519143343,0.006400688551366329,0.8944271909999157,0.04051932635383408,0,4,4,0.0059999991208314896,1,1,2.575552934054591,0.7112603124587695,0,0,1,0,-0.013720877468585968,0,0,0.0,0,inf,7,1.0,3,0,7,0,0
5007,12,2,12,756e33ec2126226a83663cb5f5ae36ae3dfa978846316fccb80f44a700a77659,85327ce11405b195585ae958b01b10b6afb74756d7c98175c161ae1fb0ffb096,1,0.0,0.2,-0.25,0,0,0,0.0,0.0,0.0,0.003463828470557928,0.000244803202804178,0.013823971152305603,0.01602502167224884,-0.22360679774997894,0.7176856442107861,0,0.0014290247345343232,0.0014290247345343232,0.0015823612920939922,0.6155870112510925,0.2689977701158222,0,1.0,0.0014290247345343232,0.0014290247345343232,0.0015823612920939922,0.6155870112510925,0.2689977701158222,0,1.0,-0.004050827119499445,0.0043726759031414986,0.006631474941968918,-0.20519567041703082,0.7405819415910723,0,0.0,0.0037478524309819974,0.005328323263627497,0.1891965661602139,0,0.0037478524309819974,0.005328323263627497,0.4848057433753107,0.9696114867506214,2,0.004079012386500836,0.005583060417610154,0.0018454168721114088,0.0010647691921110353,65,2,3,0.013333208858966827,0.9999999999999999,1.0,0,5,nan,nan,0.0,nan,-0.22360679774997894,0.013823971152305603,0.003463828470557928,0.6155870112510925,0.0014290247345343232,0.0014290247345343232,1.0,0.003463828470557928,0.000244803202804178,0.013823971152305603,0.01602502167224884,-0.22360679774997894,0.7176856442107861,0,4,3,0.026999997906386852,1,0,1.8136428557705113,1.0969805327308553,0,0,0,0,-0.0493019325658679,0,0,0.0,0,inf,7,0.42857142857142855,0,0,2,0,0
5007,13,0,13,026b559e51657257fac796b130ee9e6521e22e98f462165265a35cd8150695d7,85327ce11405b195585ae958b01b10b6afb74756d7c98175c161ae1fb0ffb096,1,0.0,0.2,-0.25,0,0,0,0.0,0.0,0.0,0.0004885513335466385,0.00013888550165574998,0.010955068282783031,0.01179509237408638,0.7826237921249264,0.11761376087345812,0,-0.0003753738128580153,0.001978198764845729,0.0022593503817915916,0.6708203932499368,0.21516994256955022,0,1.0,-0.0003753738128580153,0.001978198764845729,0.0022593503817915916,0.6708203932499368,0.21516994256955022,0,1.0,-0.006676371209323406,0.008540753275156021,0.008878037333488464,-0.44721359549995787,0.45018485575210104,0,1.0,0.002805755866041197,0.003490875598177501,0.40962508598384234,0,0.002805755866041197,0.003490875598177501,0.5765566601970551,1.1531133203941102,2,0.0034040582223007314,0.00427653322624777,0.0007921038087268232,0.0010979999799728413,65,2,3,0.013083145953714848,-0.9999999999999999,0.3333333333333333,1,4,0.0013314989572390905,nan,0.0,1.0,0.7826237921249264,0.010955068282783031,0.0004885513335466385,0.6708203932499368,0.001978198764845729,-0.0003753738128580153,1.0,0.0004885513335466385,0.00013888550165574998,0.010955068282783031,0.01179509237408638,0.7826237921249264,0.11761376087345812,0,5,3,0.00599999725818634,1,0,4.877919930436381,4.361050644102987,0,0,0,0,-0.02264957083389163,0,0,0.0,0,inf,7,0.8571428571428571,6,0,6,0,0
5007,13,1,13,026b559e51657257fac796b130ee9e6521e22e98f462165265a35cd8150695d7,85327ce11405b195585ae958b01b10b6afb74756d7c98175c161ae1fb0ffb096,1,1.0,0.2,1.0,0,0,0,0.0,0.0,0.0,0.004293791949748993,2.1612624550471082e-05,0.005467777140438557,0.006328449584543705,0.8944271909999157,0.04051932635383408,0,-0.0005682640476152301,0.000982531113550067,0.0014904800336807966,0.7071067811865475,0.18169011381620942,0,1.0,-0.0005682640476152301,0.000982531113550067,0.0014904800336807966,0.7071067811865475,0.18169011381620942,0,1.0,-0.0012448901543393731,0.0035707405768334866,0.004227165598422289,-0.7071067811865475,0.18169011381620942,0,0.0,0.0016246960349601402,0.002026294755513411,0.22472962431437907,0,0.0016246960349601402,0.002026294755513411,0.6637468775928537,1.3274937551857073,2,0.0017418153243712509,0.002227962478490566,0.00026688157835437503,0.00023492306452989613,65,2,3,0.0016923556104302406,0.9999999999999999,0.0,0,5,nan,nan,0.0,nan,0.8944271909999157,0.005467777140438557,0.004293791949748993,0.7071067811865475,0.000982531113550067,-0.0005682640476152301,1.0,0.004293791949748993,2.1612624550471082e-05,0.005467777140438557,0.006328449584543705,0.8944271909999157,0.04051932635383408,0,4,4,0.0059999991208314896,1,1,2.284448443526919,0.6185350171094313,0,0,1,0,-0.011091400752775371,0,0,0.0,0,inf,7,1.0,3,0,7,0,0
5007,13,2,13,026b559e51657257fac796b130ee9e6521e22e98f462165265a35cd8150695d7,85327ce11405b195585ae958b01b10b6afb74756d7c98175c161ae1fb0ffb096,1,1.0,0.2,1.0,0,0,0,0.0,0.0,0.0,0.005262973718345165,0.0001938198256539181,0.013702799566090107,0.014883503317832947,0.6708203932499368,0.21516994256955022,0,0.0007057039183564484,0.001585070276632905,0.0018215342424809933,-0.5642880936468347,0.3217233358243003,0,0.0,0.0007057039183564484,0.001585070276632905,0.0018215342424809933,-0.5642880936468347,0.3217233358243003,0,0.0,-0.00011185752373421565,0.005115845240652561,0.006363601889461279,-0.6668859288553501,0.21889398131323157,0,0.0,0.0036994615095783264,0.005504846590626628,0.0807652226690487,0,0.0036994615095783264,0.005504846590626628,0.5130689291183661,1.0261378582367322,2,0.004680747710741483,0.006259108397922734,0.0019697168391116845,0.0010647691697592931,65,2,3,0.012330911587923765,0.9999999999999999,1.0,0,5,nan,nan,0.0,nan,0.6708203932499368,0.013702799566090107,0.005262973718345165,-0.5642880936468347,0.001585070276632905,0.0007057039183564484,0.0,0.005262973718345165,0.0001938198256539181,0.013702799566090107,0.014883503317832947,0.6708203932499368,0.21516994256955022,0,4,4,0.026999999769032,1,1,2.0030142772786714,0.9775239857359586,0,0,1,0,-0.05668926239013672,0,0,0.0,0,inf,7,0.8571428571428571,0,0,4,0,0
5007,14,0,14,1dcb5718aaba674174221544adf21081d737ff2741e504ecf5f03aaada372e6d,85327ce11405b195585ae958b01b10b6afb74756d7c98175c161ae1fb0ffb096,1,0.0,0.2,-0.25,0,0,0,0.0,0.0,0.0,0.004205884877592325,0.00010257014946546406,0.010098994709551334,0.010966295376420021,0.7826237921249264,0.11761376087345812,0,0.00019331862858962268,0.0031035859137773514,0.003628955688327551,0.46169025843831935,0.43376615616902764,0,1.0,0.00019331862858962268,0.0031035859137773514,0.003628955688327551,0.46169025843831935,0.43376615616902764,0,1.0,-0.012018248438835144,0.012140482664108276,0.013620151206851006,0.20519567041703082,0.7405819415910723,0,1.0,0.003298727027050147,0.003974744928131554,0.14566398740143793,0,0.003298727027050147,0.003974744928131554,0.6289709020331511,1.2579418040663022,2,0.010029157958216763,0.011412239590323245,0.0010269088208409883,0.0010979999296814222,65,2,3,0.00736638717353344,-0.9999999999999999,0.6666666666666666,1,4,0.0007474301761159503,nan,0.25,1.0,0.7826237921249264,0.010098994709551334,0.004205884877592325,0.46169025843831935,0.0031035859137773514,0.00019331862858962268,1.0,0.004205884877592325,0.00010257014946546406,0.010098994709551334,0.010966295376420021,0.7826237921249264,0.11761376087345812,0,5,3,0.006000000983476639,1,0,5.158625939316273,2.4554619886962294,0,0,0,0,-0.026607511565089226,0,0,0.0,0,inf,7,0.8571428571428571,5,0,6,0,0
5007,14,1,14,1dcb5718aaba674174221544adf21081d737ff2741e504ecf5f03aaada372e6d,85327ce11405b195585ae958b01b10b6afb74756d7c98175c161ae1fb0ffb096,1,1.0,0.2,1.0,0,0,0,0.0,0.0,0.0,0.004851208999752998,2.0423201931407675e-05,0.005796016193926334,0.006630039773881435,0.8944271909999157,0.04051932635383408,0,0.0001686503819655627,0.0017613001400604844,0.0019999793730676174,-0.44721359549995787,0.45018485575210104,0,0.0,0.0001686503819655627,0.0017613001400604844,0.0019999793730676174,-0.44721359549995787,0.45018485575210104,0,0.0,-0.0007258463883772492,0.004228781908750534,0.004580289125442505,0.6708203932499368,0.21516994256955022,0,1.0,0.0016870750389860931,0.0021041591355401923,0.2546104070344776,0,0.0016870750389860931,0.0021041591355401923,0.5411338235820327,1.0822676471640653,2,0.0021164298003826004,0.00261129233334919,0.0002877865683990212,0.0002349230645298961,65,2,3,0.001908622682094574,0.9999999999999999,0.0,0,5,nan,nan,0.0,nan,0.8944271909999157,0.005796016193926334,0.004851208999752998,-0.44721359549995787,0.0017613001400604844,0.0001686503819655627,0.0,0.004851208999752998,2.0423201931407675e-05,0.005796016193926334,0.006630039773881435,0.8944271909999157,0.04051932635383408,0,4,4,0.0059999991208314896,1,1,2.47283135685958,0.6423262224437161,0,0,1,0,-0.012654232210479677,0,0,0.0,0,inf,7,1.0,3,0,7,0,0
5007,14,2,14,1dcb5718aaba674174221544adf21081d737ff2741e504ecf5f03aaada372e6d,85327ce11405b195585ae958b01b10b6afb74756d7c98175c161ae1fb0ffb096,1,0.0,0.2,-0.25,0,0,0,0.0,0.0,0.0,0.0031322878785431385,0.0002437010407447815,0.013527074828743935,0.015922069549560547,-0.11180339887498947,0.8579446176050994,0,0.0012469366192817688,0.0012469366192817688,0.001475106575526297,0.8720815992723809,0.05385421772754213,0,1.0,0.0012469366192817688,0.0012469366192817688,0.001475106575526297,0.8720815992723809,0.05385421772754213,0,1.0,-0.003555765375494957,0.004329110495746136,0.006284080911427736,-0.20519567041703082,0.7405819415910723,0,0.0,0.0036375353741046235,0.005268981958858708,0.18649198573903839,0,0.0036375353741046235,0.005268981958858708,0.5372199852114066,1.0744399704228131,2,0.0037691947932426747,0.005410908732810154,0.001804541107380606,0.0010647691921110353,65,2,3,0.012996529694646597,0.9999999999999999,1.0,0,5,nan,nan,0.0,nan,-0.11180339887498947,0.013527074828743935,0.0031322878785431385,0.8720815992723809,0.0012469366192817688,0.0012469366192817688,1.0,0.0031322878785431385,0.0002437010407447815,0.013527074828743935,0.015922069549560547,-0.11180339887498947,0.8579446176050994,0,4,3,0.026999997906386852,1,0,1.7926463246714233,1.1011343031665206,0,0,0,0,-0.04942229762673378,0,0,0.0,0,inf,7,0.42857142857142855,0,0,3,0,0
5007,15,0,15,55f0bf6ceeb2a65dc7684c7989bfe0cb93970ff4634eb5a409ee5cb4337b6e25,85327ce11405b195585ae958b01b10b6afb74756d7c98175c161ae1fb0ffb096,1,0.0,0.2,-0.25,0,0,0,0.0,0.0,0.0,0.0029333035927265882,0.00012314607738517225,0.011014489457011223,0.011478254571557045,0.7826237921249264,0.11761376087345812,0,-0.0009062254102900624,0.0023921222891658545,0.002825492527335882,0.44721359549995787,0.45018485575210104,0,1.0,-0.0009062254102900624,0.0023921222891658545,0.002825492527335882,0.44721359549995787,0.45018485575210104,0,1.0,-0.012717166915535927,0.012717166915535927,0.014025279320776463,-0.22360679774997894,0.7176856442107861,0,1.0,0.002934745872481423,0.003444247131311345,0.18450109553233615,0,0.002934745872481423,0.003444247131311345,0.6289709020331511,1.2579418040663022,2,0.006192774105315598,0.007405814393306597,0.000771084489600518,0.0010979999296814222,65,2,3,0.010101484134793282,-0.9999999999999999,1.0,1,4,0.0015154238412013448,nan,0.0,1.0,0.7826237921249264,0.011014489457011223,0.0029333035927265882,0.44721359549995787,0.0023921222891658545,-0.0009062254102900624,1.0,0.0029333035927265882,0.00012314607738517225,0.011014489457011223,0.011478254571557045,0.7826237921249264,0.11761376087345812,0,5,3,0.006000000983476639,1,0,4.161023027412544,3.3671608263437585,0,0,0,0,-0.021320366417057812,0,0,0.0,0,inf,7,0.8571428571428571,6,0,6,0,0
5007,15,1,15,55f0bf6ceeb2a65dc7684c7989bfe0cb93970ff4634eb5a409ee5cb4337b6e25,85327ce11405b195585ae958b01b10b6afb74756d7c98175c161ae1fb0ffb096,1,1.0,0.2,1.0,0,0,0,0.0,0.0,0.0,0.0041856528259813786,2.2352538508130237e-05,0.0054065450094640255,0.006314445752650499,0.8944271909999157,0.04051932635383408,0,-0.00015175803855527192,0.0015730776358395815,0.0019048418616876006,0.35355339059327373,0.5594043441634877,0,1.0,-0.00015175803855527192,0.0015730776358395815,0.0019048418616876006,0.35355339059327373,0.5594043441634877,0,1.0,-0.0029083166737109423,0.003218766301870346,0.005037080496549606,-0.7071067811865475,0.18169011381620942,0,0.0,0.0017066400387247243,0.0020761693991842903,0.22440289607390085,0,0.0017066400387247243,0.0020761693991842903,0.6637468775928537,1.3274937551857073,2,0.001760377682512626,0.00218317748176004,0.00028018115931710167,0.00023492306452989613,65,2,3,0.0015847575850784779,0.9999999999999999,0.0,0,5,nan,nan,0.0,nan,0.8944271909999157,0.0054065450094640255,0.0041856528259813786,0.35355339059327373,0.0015730776358395815,-0.00015175803855527192,1.0,0.0041856528259813786,2.2352538508130237e-05,0.0054065450094640255,0.006314445752650499,0.8944271909999157,0.04051932635383408,0,4,4,0.0059999991208314896,1,1,2.2202927263696264,0.6297366550782538,0,0,1,0,-0.010491270455531776,0,0,0.0,0,inf,7,1.0,3,0,7,0,0
5007,15,2,15,55f0bf6ceeb2a65dc7684c7989bfe0cb93970ff4634eb5a409ee5cb4337b6e25,85327ce11405b195585ae958b01b10b6afb74756d7c98175c161ae1fb0ffb096,1,1.0,0.2,1.0,0,0,0,0.0,0.0,0.0,0.004984659608453512,0.00019860216707456857,0.013631751760840416,0.014948210678994656,0.6708203932499368,0.21516994256955022,0,9.111303370445967e-05,0.00119230046402663,0.0014303915668278933,-0.3,0.623837664781073,0,0.0,9.111303370445967e-05,0.00119230046402663,0.0014303915668278933,-0.3,0.623837664781073,0,0.0,-0.0018426107708364725,0.005116930231451988,0.006759569980204105,-0.9999999999999999,1.4042654220543602e-24,0,0.0,0.0036521438839872914,0.005469278939892988,0.08007046806544398,0,0.0036521438839872914,0.005469278939892988,0.4889178730253256,0.9778357460506512,2,0.004801583132491662,0.0063357793602398125,0.0019443457879532032,0.0010647691697592931,65,2,3,0.01237425534054637,0.9999999999999999,1.0,0,5,nan,nan,0.0,nan,0.6708203932499368,0.013631751760840416,0.004984659608453512,-0.3,0.00119230046402663,9.111303370445967e-05,0.0,0.004984659608453512,0.00019860216707456857,0.013631751760840416,0.014948210678994656,0.6708203932499368,0.21516994256955022,0,4,4,0.026999999769032,1,1,1.9764905550610157,0.9977445754637568,0,0,1,0,-0.05736815556883812,0,0,0.0,0,inf,7,0.8571428571428571,0,0,4,0,0
5007,16,0,16,5019dcf4e140475ff16597d496033538bf326fbed2f3ff3e7ab9089d55776fa4,85327ce11405b195585ae958b01b10b6afb74756d7c98175c161ae1fb0ffb096,1,1.0,0.2,1.0,0,0,0,0.0,0.0,0.0,0.0023709568195044994,0.00012308789882808924,0.011189421638846397,0.011345013976097107,0.8944271909999157,0.04051932635383408,0,-0.0006249846774153411,0.0031868168152868748,0.003508406225591898,0.6708203932499368,0.21516994256955022,0,1.0,-0.0006249846774153411,0.0031868168152868748,0.003508406225591898,0.6708203932499368,0.21516994256955022,0,1.0,-0.01037893071770668,0.01130878645926714,0.012256879359483719,-0.8944271909999157,0.04051932635383408,0,1.0,0.003205929446508061,0.003891148697896173,0.20391964959778527,0,0.003205929446508061,0.003891148697896173,0.6027637811151031,1.2055275622302062,2,0.004629649464578296,0.0057596381491467775,0.0009841674822940404,0.0010979998961538103,65,2,3,0.011023081373423338,0.9999999999999999,1.0,1,4,0.0013213473925223745,nan,0.25,1.0,0.8944271909999157,0.011189421638846397,0.0023709568195044994,0.6708203932499368,0.0031868168152868748,-0.0006249846774153411,1.0,0.0023709568195044994,0.00012308789882808924,0.011189421638846397,0.011345013976097107,0.8944271909999157,0.04051932635383408,0,5,5,0.006000000052154064,1,1,5.46113839282596,3.6743604258689744,0,0,0,0,-0.0325279519893229,0,0,0.0,0,inf,7,1.0,6,0,6,0,0
5007,16,1,16,5019dcf4e140475ff16597d496033538bf326fbed2f3ff3e7ab9089d55776fa4,85327ce11405b195585ae958b01b10b6afb74756d7c98175c161ae1fb0ffb096,1,1.0,0.2,1.0,0,0,0,0.0,0.0,0.0,0.007088370621204376,2.1407609892776236e-05,0.007088370621204376,0.008464785292744637,0.8944271909999157,0.04051932635383408,0,0.00034867136855609715,0.0021032863296568394,0.0027187326923012733,0.0,1.0,0,1.0,0.00034867136855609715,0.0021032863296568394,0.0027187326923012733,0.0,1.0,0,1.0,-0.01225261576473713,0.01225261576473713,0.01304338313639164,-0.5270462766947299,0.3614548502018726,0,0.0,0.002133118940969191,0.0027066094976075116,0.21445253602297343,0,0.002133118940969191,0.0027066094976075116,0.602440350587443,1.204880701174886,2,0.0045463060458692224,0.005353098331046931,0.0004761727732150472,0.00023492307584904832,65,2,3,0.0018395921215415,0.9999999999999999,0.6666666666666666,0,5,nan,nan,0.0,nan,0.8944271909999157,0.007088370621204376,0.007088370621204376,0.0,0.0021032863296568394,0.00034867136855609715,1.0,0.007088370621204376,2.1407609892776236e-05,0.007088370621204376,0.008464785292744637,0.8944271909999157,0.04051932635383408,0,4,4,0.005999998189508915,1,1,2.4214543258316827,0.7477754841946274,0,0,1,0,-0.013778815977275372,0,0,0.0,0,inf,7,1.0,1,0,5,0,0
5007,16,2,16,5019dcf4e140475ff16597d496033538bf326fbed2f3ff3e7ab9089d55776fa4,85327ce11405b195585ae958b01b10b6afb74756d7c98175c161ae1fb0ffb096,1,1.0,0.2,1.0,0,0,0,0.0,0.0,0.0,0.0037470676470547915,0.00021029759955126792,0.013278353027999401,0.014977920800447464,0.6708203932499368,0.21516994256955022,0,0.0009764581918716431,0.0017732579726725817,0.0019992010202258825,-0.5642880936468347,0.3217233358243003,0,1.0,0.0009764581918716431,0.0017732579726725817,0.0019992010202258825,-0.5642880936468347,0.3217233358243003,0,1.0,-0.003465762361884117,0.005154852289706469,0.007611902430653572,-0.8207826816681233,0.08858700531354384,0,0.0,0.0035952238090468584,0.00535948831182403,0.08674507479293217,0,0.0035952238090468584,0.00535948831182403,0.5372199852114066,1.0744399704228131,2,0.003475788121040051,0.005410156924506034,0.0018670674726975957,0.0010647691697592931,65,2,3,0.012974902987480164,0.9999999999999999,1.0,0,5,nan,nan,0.0,nan,0.6708203932499368,0.013278353027999401,0.0037470676470547915,-0.5642880936468347,0.0017732579726725817,0.0009764581918716431,1.0,0.0037470676470547915,0.00021029759955126792,0.013278353027999401,0.014977920800447464,0.6708203932499368,0.21516994256955022,0,4,4,0.026999999769032,1,1,1.9142288809410664,0.9996432318040459,0,0,1,0,-0.05475647561252117,0,0,0.0,0,inf,7,0.8571428571428571,0,0,4,0,0
5007,17,0,17,6c3b142d49adb115fd03a83ef39f10b72268c51652711fe795a77f600b61237c,85327ce11405b195585ae958b01b10b6afb74756d7c98175c161ae1fb0ffb096,1,1.0,0.2,1.0,0,0,0,0.0,0.0,0.0,-0.002210804959759116,0.00013339458382688463,0.010744808241724968,0.011759346351027489,0.8944271909999157,0.04051932635383408,0,0.0006372628849931061,0.003005539532750845,0.003432332770898938,0.7071067811865475,0.18169011381620942,0,1.0,0.0006372628849931061,0.003005539532750845,0.003432332770898938,0.7071067811865475,0.18169011381620942,0,1.0,-0.007009285502135754,0.009338350035250187,0.009664150886237621,-0.35355339059327373,0.5594043441634877,0,1.0,0.002351774621380152,0.003058482546406486,0.4165501002448397,0,0.002351774621380152,0.003058482546406486,0.6289709020331511,1.2579418040663022,2,0.017614274844527246,0.01793356768076203,0.0006080305066337516,0.0010979999799728413,65,2,3,0.016194517724215984,0.9999999999999999,0.0,1,4,0.006172501592896878,nan,0.0,1.0,0.8944271909999157,0.010744808241724968,-0.002210804959759116,0.7071067811865475,0.003005539532750845,0.0006372628849931061,1.0,-0.002210804959759116,0.00013339458382688463,0.010744808241724968,0.011759346351027489,0.8944271909999157,0.04051932635383408,0,5,5,0.00599999725818634,1,1,5.398175041537006,5.398175041537006,0,0,0,0,-0.031488869339227676,0,0,0.0,0,inf,7,1.0,6,0,6,0,0
5007,17,1,17,6c3b142d49adb115fd03a83ef39f10b72268c51652711fe795a77f600b61237c,85327ce11405b195585ae958b01b10b6afb74756d7c98175c161ae1fb0ffb096,1,1.0,0.2,1.0,0,0,0,0.0,0.0,0.0,0.004283351823687553,1.9043243810301647e-05,0.005406535230576992,0.00611476507037878,0.8944271909999157,0.04051932635383408,0,4.577390063786879e-05,0.0014478411758318543,0.0018027033656835556,-0.6708203932499368,0.21516994256955022,0,0.0,4.577390063786879e-05,0.0014478411758318543,0.0018027033656835556,-0.6708203932499368,0.21516994256955022,0,0.0,0.00034847011556848884,0.004224319942295551,0.004516181536018848,0.6708203932499368,0.21516994256955022,0,1.0,0.0016033473935049886,0.001988941801712145,0.25146193489896024,0,0.0016033473935049886,0.001988941801712145,0.561569332583836,1.123138665167672,2,0.0022006276591967503,0.002614923178871952,0.0002571328168888671,0.0002349230645298961,65,2,3,0.0020236275158822536,0.9999999999999999,0.0,0,5,nan,nan,0.0,nan,0.8944271909999157,0.005406535230576992,0.004283351823687553,-0.6708203932499368,0.0014478411758318543,4.577390063786879e-05,0.0,0.004283351823687553,1.9043243810301647e-05,0.005406535230576992,0.00611476507037878,0.8944271909999157,0.04051932635383408,0,4,4,0.0059999991208314896,1,1,2.259363625251263,0.6745426041335206,0,0,1,0,-0.011603435676079243,0,0,0.0,0,inf,7,1.0,3,0,7,0,0
5007,17,2,17,6c3b142d49adb115fd03a83ef39f10b72268c51652711fe795a77f600b61237c,85327ce11405b195585ae958b01b10b6afb74756d7c98175c161ae1fb0ffb096,1,0.0,0.2,-0.25,0,0,0,0.0,0.0,0.0,0.0031911537516862154,0.0002513158251531422,0.013883696869015694,0.016170939430594444,-0.11180339887498947,0.8579446176050994,0,0.002270326018333435,0.002270326018333435,0.00262405164539814,0.8720815992723809,0.05385421772754213,0,1.0,0.002270326018333435,0.002270326018333435,0.00262405164539814,0.8720815992723809,0.05385421772754213,0,1.0,-0.0024602562189102173,0.004583390895277262,0.005707226227968931,-0.20519567041703082,0.7405819415910723,0,0.0,0.003574319631302145,0.00524247353636616,0.21028733091250004,0,0.003574319631302145,0.00524247353636616,0.5110128642933587,1.0220257285867174,2,0.00415460465905758,0.005680665546710564,0.0017864293706674683,0.0010647691921110353,65,2,3,0.013955417089164257,-0.9999999999999999,1.0,0,5,nan,nan,0.2,nan,-0.11180339887498947,0.013883696869015694,0.0031911537516862154,0.8720815992723809,0.002270326018333435,0.002270326018333435,1.0,0.0031911537516862154,0.0002513158251531422,0.013883696869015694,0.016170939430594444,-0.11180339887498947,0.8579446176050994,0,4,3,0.026999997906386852,1,0,1.811898660920153,1.1238939648623922,0,0,0,0,-0.04801042377948761,0,0,0.0,0,inf,7,0.42857142857142855,0,0,1,0,0
5007,18,0,18,d420e8d19125190dee11989df9e571858e4c2289c98cefdddc5bf7fb9211b875,85327ce11405b195585ae958b01b10b6afb74756d7c98175c161ae1fb0ffb096,1,0.0,0.2,-0.25,0,0,0,0.0,0.0,0.0,0.00276485038921237,8.418222569162026e-05,0.008593492209911346,0.009582621045410633,0.7826237921249264,0.11761376087345812,0,0.0001078199566109106,0.0015875224489718676,0.001734360819682479,0.0,1.0,1,0.0,0.0001078199566109106,0.0015875224489718676,0.001734360819682479,0.0,1.0,1,0.0,-0.012351449579000473,0.012351449579000473,0.012477710843086243,0.0,1.0,1,0.0,0.002166430179591803,0.0027685051276017812,0.16826102601979945,0,0.002166430179591803,0.0027685051276017812,0.6289709020331511,1.2579418040663022,2,0.010943831835622685,0.012048540028345257,0.000498200341701228,0.0010979999520331638,65,2,3,0.007285801228135824,-0.9999999999999999,0.3333333333333333,0,5,nan,nan,0.0,nan,0.7826237921249264,0.008593492209911346,0.00276485038921237,0.0,0.0015875224489718676,0.0001078199566109106,0.0,0.00276485038921237,8.418222569162026e-05,0.008593492209911346,0.009582621045410633,0.7826237921249264,0.11761376087345812,0,5,3,0.005999998189508915,1,0,3.8563696429727266,2.428601142205394,0,0,0,0,-0.016534589929506183,0,0,0.0,0,inf,7,0.8571428571428571,6,0,6,0,0
5007,18,1,18,d420e8d19125190dee11989df9e571858e4c2289c98cefdddc5bf7fb9211b875,85327ce11405b195585ae958b01b10b6afb74756d7c98175c161ae1fb0ffb096,1,1.0,0.2,1.0,0,0,0,0.0,0.0,0.0,0.0041991956532001495,1.8538841686677188e-05,0.0051634847186505795,0.00601432379335165,0.8944271909999157,0.04051932635383408,0,0.0007183869020082057,0.0008318608743138611,0.001034494605846703,0.7071067811865475,0.18169011381620942,0,1.0,0.0007183869020082057,0.0008318608743138611,0.001034494605846703,0.7071067811865475,0.18169011381620942,0,1.0,-0.004311528988182545,0.004614486359059811,0.006213565822690725,-0.7071067811865475,0.18169011381620942,0,0.0,0.0017357167042688516,0.0020879010181671484,0.2323631841146428,0,0.0017357167042688516,0.0020879010181671484,0.6637468775928537,1.3274937551857073,2,0.0019436062535253139,0.0022475631744078347,0.000283356493008122,0.00023492306452989613,65,2,3,0.0014739586040377617,0.9999999999999999,0.0,0,5,nan,nan,0.0,nan,0.8944271909999157,0.0051634847186505795,0.0041991956532001495,0.7071067811865475,0.0008318608743138611,0.0007183869020082057,1.0,0.0041991956532001495,1.8538841686677188e-05,0.0051634847186505795,0.00601432379335165,0.8944271909999157,0.04051932635383408,0,4,4,0.0059999991208314896,1,1,2.0987823343603753,0.5818822464660446,0,0,1,0,-0.009540610248222947,0,0,0.0,0,inf,7,1.0,3,0,7,0,0
5007,18,2,18,d420e8d19125190dee11989df9e571858e4c2289c98cefdddc5bf7fb9211b875,85327ce11405b195585ae958b01b10b6afb74756d7c98175c161ae1fb0ffb096,1,0.0,0.2,-0.25,0,0,0,0.0,0.0,0.0,0.004527865909039974,0.00020523546845652163,0.013582821004092693,0.015024547465145588,0.3354101966249684,0.5810906728217107,0,0.00041946713463403285,0.0012609187979251146,0.0014446625718846917,-0.6668859288553501,0.21889398131323157,0,0.0,0.00041946713463403285,0.0012609187979251146,0.0014446625718846917,-0.6668859288553501,0.21889398131323157,0,0.0,-0.003220022190362215,0.005114720668643713,0.007531910669058561,-0.8207826816681233,0.08858700531354384,0,0.0,0.003591655723794677,0.005380532124959609,0.08937521722086433,0,0.003591655723794677,0.005380532124959609,0.5151249939433735,1.030249987886747,2,0.005385661053542907,0.006919857451987906,0.0018817581866019538,0.0010647691697592931,65,2,3,0.013023176696151495,0.9999999999999999,1.0,0,5,nan,nan,0.0,nan,0.3354101966249684,0.013582821004092693,0.004527865909039974,-0.6668859288553501,0.0012609187979251146,0.00041946713463403285,0.0,0.004527865909039974,0.00020523546845652163,0.013582821004092693,0.015024547465145588,0.3354101966249684,0.5810906728217107,0,4,3,0.026999999769032,1,0,1.9006591314851224,1.0325758018986086,0,0,0,0,-0.055942160077393055,0,0,0.0,0,inf,7,0.7142857142857143,0,0,3,0,0
5007,19,0,19,db1c0c34ee4d3bc296f032d3a219d1e40016bce6f56f2829c92f9ad8a22d45c1,85327ce11405b195585ae958b01b10b6afb74756d7c98175c161ae1fb0ffb096,1,0.0,0.2,-0.25,0,0,0,0.0,0.0,0.0,0.01760830357670784,0.00034871784737333655,0.023628901690244675,0.02566651999950409,-0.22360679774997894,0.7176856442107861,0,-0.00016990723088383675,0.005699736997485161,0.006309267599135637,0.7071067811865475,0.18169011381620942,0,1.0,-0.00016990723088383675,0.005699736997485161,0.006309267599135637,0.7071067811865475,0.18169011381620942,0,1.0,-0.00755337905138731,0.009461560286581516,0.009905742481350899,-0.35355339059327373,0.5594043441634877,0,1.0,0.007031575299953745,0.008758743878359884,0.3264199903933744,0,0.007031575299953745,0.008758743878359884,0.4193139346887673,0.8386278693775346,2,0.09694096558333302,0.10030209136458373,0.004986513631235938,0.0010979999799728413,65,2,3,0.012100369669497013,-0.9999999999999999,1.0,1,4,0.00240650225337595,nan,0.75,1.0,-0.22360679774997894,0.023628901690244675,0.01760830357670784,0.7071067811865475,0.005699736997485161,-0.00016990723088383675,1.0,0.01760830357670784,0.00034871784737333655,0.023628901690244675,0.02566651999950409,-0.22360679774997894,0.7176856442107861,0,5,3,0.00599999725818634,1,0,10.16823736877659,4.033458399664227,0,0,0,0,-0.06954890536144376,0,0,0.0,0,inf,7,0.42857142857142855,0,0,0,0,0
5007,19,1,19,db1c0c34ee4d3bc296f032d3a219d1e40016bce6f56f2829c92f9ad8a22d45c1,85327ce11405b195585ae958b01b10b6afb74756d7c98175c161ae1fb0ffb096,1,1.0,0.2,1.0,0,0,0,0.0,0.0,0.0,0.004367129877209663,2.33722930715885e-05,0.005693227052688599,0.00651491479948163,0.8944271909999157,0.04051932635383408,0,0.0002508041507098824,0.0017688137013465166,0.0019470751285552979,-0.44721359549995787,0.45018485575210104,0,0.0,0.0002508041507098824,0.0017688137013465166,0.0019470751285552979,-0.44721359549995787,0.45018485575210104,0,0.0,-0.0013823338085785508,0.004195279907435179,0.004797675646841526,0.6708203932499368,0.21516994256955022,0,1.0,0.001700820179570731,0.002112913798081982,0.25172925800480606,0,0.001700820179570731,0.002112913798081982,0.5149267026639845,1.029853405327969,2,0.0020171368803578215,0.0024570229478975553,0.00029018630667813975,0.0002349230645298961,65,2,3,0.002046600915491581,0.9999999999999999,0.0,0,5,nan,nan,0.0,nan,0.8944271909999157,0.005693227052688599,0.004367129877209663,-0.44721359549995787,0.0017688137013465166,0.0002508041507098824,0.0,0.004367129877209663,2.33722930715885e-05,0.005693227052688599,0.00651491479948163,0.8944271909999157,0.04051932635383408,0,4,4,0.0059999991208314896,1,1,2.5984846215337334,0.6974192325984439,0,0,1,0,-0.013684108154848218,0,0,0.0,0,inf,7,1.0,2,0,7,0,0
5007,19,2,19,db1c0c34ee4d3bc296f032d3a219d1e40016bce6f56f2829c92f9ad8a22d45c1,85327ce11405b195585ae958b01b10b6afb74756d7c98175c161ae1fb0ffb096,1,0.0,0.2,-0.25,0,0,0,0.0,0.0,0.0,0.0034252398181706667,0.00024302925157826394,0.01377217285335064,0.01596125215291977,-0.22360679774997894,0.7176856442107861,0,0.0013900825288146734,0.0013900825288146734,0.0015483088791370392,0.6155870112510925,0.2689977701158222,0,1.0,0.0013900825288146734,0.0013900825288146734,0.0015483088791370392,0.6155870112510925,0.2689977701158222,0,1.0,-0.004059984814375639,0.004378170240670443,0.006637072656303644,-0.20519567041703082,0.7405819415910723,0,0.0,0.0037002615388152154,0.005269437942458274,0.1890973155025561,0,0.0037002615388152154,0.005269437942458274,0.5110128642933587,1.0220257285867174,2,0.004104063373345596,0.005577557570641136,0.0018048534549122278,0.0010647691921110353,65,2,3,0.013326622545719147,0.9999999999999999,1.0,0,5,nan,nan,0.0,nan,-0.22360679774997894,0.01377217285335064,0.0034252398181706667,0.6155870112510925,0.0013900825288146734,0.0013900825288146734,1.0,0.0034252398181706667,0.00024302925157826394,0.01377217285335064,0.01596125215291977,-0.22360679774997894,0.7176856442107861,0,4,3,0.026999997906386852,1,0,1.8006585623889764,1.0882821945685743,0,0,0,0,-0.04896452929824591,0,0,0.0,0,inf,7,0.42857142857142855,0,0,2,0,0
5007,20,0,20,6ec37b471b9e2bff20e205bdf28d1b8b71b9486447e3298487de2ce6ac92c0d2,85327ce11405b195585ae958b01b10b6afb74756d7c98175c161ae1fb0ffb096,1,0.0,0.2,-0.25,0,0,0,0.0,0.0,0.0,0.016542956233024597,0.00034842389868572354,0.023103658109903336,0.02494179829955101,-0.22360679774997894,0.7176856442107861,0,0.0009719411609694362,0.00517607107758522,0.005241419654339552,0.7071067811865475,0.18169011381620942,0,1.0,0.0009719411609694362,0.00517607107758522,0.005241419654339552,0.7071067811865475,0.18169011381620942,0,1.0,-0.007547486573457718,0.009272793307900429,0.009718803688883781,-0.35355339059327373,0.5594043441634877,0,1.0,0.006679996900458836,0.008510507657440759,0.3034415339818832,0,0.006679996900458836,0.008510507657440759,0.36689969285267143,0.7337993857053429,2,0.06687153997616126,0.06960714751352258,0.004707868138178256,0.0010979999799728413,65,2,3,0.012093482539057732,-0.9999999999999999,1.0,1,4,0.006119008286856117,nan,0.5,1.0,-0.22360679774997894,0.023103658109903336,0.016542956233024597,0.7071067811865475,0.00517607107758522,0.0009719411609694362,1.0,0.016542956233024597,0.00034842389868572354,0.023103658109903336,0.02494179829955101,-0.22360679774997894,0.7176856442107861,0,5,3,0.00599999725818634,1,0,10.108746861441489,4.031162688468731,0,0,0,0,-0.06184937618672848,0,0,0.0,0,inf,7,0.42857142857142855,0,0,0,0,0
5007,20,1,20,6ec37b471b9e2bff20e205bdf28d1b8b71b9486447e3298487de2ce6ac92c0d2,85327ce11405b195585ae958b01b10b6afb74756d7c98175c161ae1fb0ffb096,1,1.0,0.2,1.0,0,0,0,0.0,0.0,0.0,0.003948133438825607,2.082251012325287e-05,0.005165611393749714,0.006034092046320438,0.8944271909999157,0.04051932635383408,0,-0.00023481264361180365,0.001238822704181075,0.0015946791972965002,0.35355339059327373,0.5594043441634877,0,1.0,-0.00023481264361180365,0.001238822704181075,0.0015946791972965002,0.35355339059327373,0.5594043441634877,0,1.0,-0.0013109070714563131,0.004237871617078781,0.004835223779082298,-0.7071067811865475,0.18169011381620942,0,0.0,0.0015774585571162094,0.0019688174873769746,0.25469951473642616,0,0.0015774585571162094,0.0019688174873769746,0.6395958214998131,1.2791916429996262,2,0.0017304253343564386,0.002233333024267225,0.0002519557494090899,0.00023492306452989613,65,2,3,0.0015531880781054497,0.9999999999999999,0.0,0,5,nan,nan,0.0,nan,0.8944271909999157,0.005165611393749714,0.003948133438825607,0.35355339059327373,0.001238822704181075,-0.00023481264361180365,1.0,0.003948133438825607,2.082251012325287e-05,0.005165611393749714,0.006034092046320438,0.8944271909999157,0.04051932635383408,0,4,4,0.0059999991208314896,1,1,2.3270386848171114,0.61814794908273,0,0,1,0,-0.011068607098422945,0,0,0.0,0,inf,7,1.0,3,0,7,0,0
5007,20,2,20,6ec37b471b9e2bff20e205bdf28d1b8b71b9486447e3298487de2ce6ac92c0d2,85327ce11405b195585ae958b01b10b6afb74756d7c98175c161ae1fb0ffb096,1,0.0,0.2,-0.25,0,0,0,0.0,0.0,0.0,0.0045326161198318005,0.00021766959980595857,0.01400658767670393,0.015434189699590206,0.22360679774997894,0.7176856442107861,0,0.0009046312188729644,0.0012314168270677328,0.0014178457204252481,0.09999999999999999,0.8728885715695384,0,1.0,0.0009046312188729644,0.0012314168270677328,0.0014178457204252481,0.09999999999999999,0.8728885715695384,0,1.0,-0.0037144303787499666,0.004047350026667118,0.006148528307676315,-0.7,0.1881204043741873,0,0.0,0.0036309244518978353,0.005212140593306826,0.1438886409394204,0,0.0036309244518978353,0.005212140593306826,0.561371041304447,1.122742082608894,2,0.004525196437652294,0.005933929870770465,0.001765816621685794,0.0010647691697592931,65,2,3,0.013548359740525484,-0.9999999999999999,1.0,0,5,nan,nan,0.0,nan,0.22360679774997894,0.01400658767670393,0.0045326161198318005,0.09999999999999999,0.0012314168270677328,0.0009046312188729644,1.0,0.0045326161198318005,0.00021766959980595857,0.01400658767670393,0.015434189699590206,0.22360679774997894,0.7176856442107861,0,4,3,0.026999999769032,1,0,1.8458402425108815,1.015629455871189,0,0,0,0,-0.05141830909997225,0,0,0.0,0,inf,7,0.5714285714285714,0,0,2,0,0
5007,21,0,21,21f0a0cc0d7891179616cdfeadeb94afc0a0d6b3f879e300ad15368c1fe809c7,85327ce11405b195585ae958b01b10b6afb74756d7c98175c161ae1fb0ffb096,1,0.0,0.2,-0.25,0,0,0,0.0,0.0,0.0,-0.001436281600035727,0.00012770095781888813,0.010478398762643337,0.011391394771635532,0.7826237921249264,0.11761376087345812,0,0.0011220916640013456,0.0025705862790346146,0.002863748464733362,0.7071067811865475,0.18169011381620942,0,1.0,0.0011220916640013456,0.0025705862790346146,0.002863748464733362,0.7071067811865475,0.18169011381620942,0,1.0,-0.007367206271737814,0.009356116876006126,0.009755602106451988,-0.7071067811865475,0.18169011381620942,0,1.0,0.0023624674279308887,0.003018155380376826,0.4163402513278398,0,0.0023624674279308887,0.003018155380376826,0.6289709020331511,1.2579418040663022,2,0.004116847996528332,0.0052633296609199045,0.0005921020235063431,0.0010979999799728413,65,2,3,0.014893350191414356,-0.9999999999999999,0.0,1,4,0.0036681183790788045,nan,0.0,1.0,0.7826237921249264,0.010478398762643337,-0.001436281600035727,0.7071067811865475,0.0025705862790346146,0.0011220916640013456,1.0,-0.001436281600035727,0.00012770095781888813,0.010478398762643337,0.011391394771635532,0.7826237921249264,0.11761376087345812,0,5,3,0.00599999725818634,1,0,4.9726004773340815,4.964452332405322,0,0,0,0,-0.027493948116898537,0,0,0.0,0,inf,7,0.8571428571428571,6,0,6,0,0
5007,21,1,21,21f0a0cc0d7891179616cdfeadeb94afc0a0d6b3f879e300ad15368c1fe809c7,85327ce11405b195585ae958b01b10b6afb74756d7c98175c161ae1fb0ffb096,1,1.0,0.2,1.0,0,0,0,0.0,0.0,0.0,0.004240638576447964,2.2604983314522542e-05,0.00558747723698616,0.006370870862156153,0.8944271909999157,0.04051932635383408,0,-7.052801811369136e-05,0.001184472581371665,0.0015709568979218602,-0.6708203932499368,0.21516994256955022,0,0.0,-7.052801811369136e-05,0.001184472581371665,0.0015709568979218602,-0.6708203932499368,0.21516994256955022,0,0.0,-0.002473935019224882,0.0037821237929165363,0.004575190134346485,0.8944271909999157,0.04051932635383408,0,1.0,0.001684660194496784,0.002067357480148611,0.26028359739187207,0,0.001684660194496784,0.002067357480148611,0.561569332583836,1.123138665167672,2,0.0022919984373192376,0.0027697799125694818,0.00027780785179721694,0.0002349230645298961,65,2,3,0.002029184252023697,0.9999999999999999,0.0,0,5,nan,nan,0.0,nan,0.8944271909999157,0.00558747723698616,0.004240638576447964,-0.6708203932499368,0.001184472581371665,-7.052801811369136e-05,0.0,0.004240638576447964,2.2604983314522542e-05,0.00558747723698616,0.006370870862156153,0.8944271909999157,0.04051932635383408,0,4,4,0.0059999991208314896,1,1,2.3594505098991845,0.6763948497854078,0,0,1,0,-0.01221507036825642,0,0,0.0,0,inf,7,1.0,3,0,7,0,0
5007,21,2,21,21f0a0cc0d7891179616cdfeadeb94afc0a0d6b3f879e300ad15368c1fe809c7,85327ce11405b195585ae958b01b10b6afb74756d7c98175c161ae1fb0ffb096,1,0.0,0.2,-0.25,0,0,0,0.0,0.0,0.0,0.0032080591190606356,0.00023955630604177713,0.01354052685201168,0.01580657996237278,0.11180339887498947,0.8579446176050994,0,0.0010215037036687136,0.002114390954375267,0.0025198671501129866,-0.15389675281277312,0.8048288166080632,0,0.0,0.0010215037036687136,0.002114390954375267,0.0025198671501129866,-0.15389675281277312,0.8048288166080632,0,0.0,-0.00164051353931427,0.005046747624874115,0.006642796564847231,-0.35909242322980395,0.5528147466433508,0,0.0,0.0035290944946588143,0.005433041834208747,0.13396357517363866,0,0.0035290944946588143,0.005433041834208747,0.4181241870124336,0.8362483740248672,2,0.0036443513459884203,0.0054974164786081555,0.0019186663321970523,0.0010647691921110353,65,2,3,0.013225034344941378,0.9999999999999999,1.0,0,5,nan,nan,0.0,nan,0.11180339887498947,0.01354052685201168,0.0032080591190606356,-0.15389675281277312,0.002114390954375267,0.0010215037036687136,0.0,0.0032080591190606356,0.00023955630604177713,0.01354052685201168,0.01580657996237278,0.11180339887498947,0.8579446176050994,0,4,3,0.026999997906386852,1,0,1.9286348841660559,1.092069382100887,0,0,0,0,-0.052623067051172256,0,0,0.0,0,inf,7,0.5714285714285714,0,0,3,0,0
5007,22,0,22,e23e08a9e28edce6857f5f97b5c3c0dc850b078d0aa05ce1ba910295ccfb8c10,85327ce11405b195585ae958b01b10b6afb74756d7c98175c161ae1fb0ffb096,1,0.0,0.2,-0.25,0,0,0,0.0,0.0,0.0,0.01651233248412609,0.00034425113699398935,0.02282908745110035,0.024837637320160866,-0.22360679774997894,0.7176856442107861,0,0.00032059670775197446,0.004609144292771816,0.005066529847681522,0.7071067811865475,0.18169011381620942,0,1.0,0.00032059670775197446,0.004609144292771816,0.005066529847681522,0.7071067811865475,0.18169011381620942,0,1.0,-0.009348107501864433,0.01015696581453085,0.01103504654020071,-0.35355339059327373,0.5594043441634877,0,1.0,0.006614185247689791,0.008489020399105282,0.2934737104243871,0,0.006614185247689791,0.008489020399105282,0.3406925719346235,0.681385143869247,2,0.0648630164399667,0.06765466269044022,0.004684125376867663,0.0010979999799728413,65,2,3,0.01136967446655035,-0.9999999999999999,1.0,1,4,0.006420131417922678,nan,0.5,1.0,-0.22360679774997894,0.02282908745110035,0.01651233248412609,0.7071067811865475,0.004609144292771816,0.00032059670775197446,1.0,0.01651233248412609,0.00034425113699398935,0.02282908745110035,0.024837637320160866,-0.22360679774997894,0.7176856442107861,0,5,3,0.00599999725818634,1,0,10.062942844086596,3.789893220713617,0,0,0,0,-0.06315078865736723,0,0,0.0,0,inf,7,0.42857142857142855,0,0,0,0,0
5007,22,1,22,e23e08a9e28edce6857f5f97b5c3c0dc850b078d0aa05ce1ba910295ccfb8c10,85327ce11405b195585ae958b01b10b6afb74756d7c98175c161ae1fb0ffb096,1,1.0,0.2,1.0,0,0,0,0.0,0.0,0.0,0.004417960066348314,2.1925698092672974e-05,0.005635398440063,0.006437706761062145,0.8944271909999157,0.04051932635383408,0,-0.00025292945792898536,0.0012577127199620008,0.001585553865879774,0.7071067811865475,0.18169011381620942,0,1.0,-0.00025292945792898536,0.0012577127199620008,0.001585553865879774,0.7071067811865475,0.18169011381620942,0,1.0,-0.003226660192012787,0.003582775592803955,0.005324590019881725,-0.7071067811865475,0.18169011381620942,0,0.0,0.0016333415932793546,0.0020532095555809778,0.2386601283856775,0,0.0016333415932793546,0.0020532095555809778,0.6395958214998131,1.2791916429996262,2,0.001757462453455306,0.00213129268092405,0.00027401851614338737,0.00023492306452989613,65,2,3,0.0019407067447900772,0.9999999999999999,0.0,0,5,nan,nan,0.0,nan,0.8944271909999157,0.005635398440063,0.004417960066348314,0.7071067811865475,0.0012577127199620008,-0.00025292945792898536,1.0,0.004417960066348314,2.1925698092672974e-05,0.005635398440063,0.006437706761062145,0.8944271909999157,0.04051932635383408,0,4,4,0.0059999991208314896,1,1,2.4424946109399372,0.6469023430527207,0,0,1,0,-0.01253637988702394,0,0,0.0,0,inf,7,1.0,3,0,7,0,0
5007,22,2,22,e23e08a9e28edce6857f5f97b5c3c0dc850b078d0aa05ce1ba910295ccfb8c10,85327ce11405b195585ae958b01b10b6afb74756d7c98175c161ae1fb0ffb096,1,1.0,0.2,1.0,0,0,0,0.0,0.0,0.0,0.005400960799306631,0.00019850675016641617,0.013960632495582104,0.015088973566889763,0.6708203932499368,0.21516994256955022,0,-2.9351842385949567e-05,0.0012087610084563494,0.0013732635416090488,0.09999999999999999,0.8728885715695384,0,0.0,-2.9351842385949567e-05,0.0012087610084563494,0.0013732635416090488,0.09999999999999999,0.8728885715695384,0,0.0,-0.002205013297498226,0.005741091910749674,0.007875830866396427,-0.7,0.1881204043741873,0,0.0,0.003820324096189448,0.005520726341063179,0.10788546487404722,0,0.003820324096189448,0.005520726341063179,0.5130689291183661,1.0261378582367322,2,0.004849738684984354,0.006349620234975394,0.001981097256639074,0.0010647691697592931,65,2,3,0.012691676151007414,0.9999999999999999,1.0,0,5,nan,nan,0.0,nan,0.6708203932499368,0.013960632495582104,0.005400960799306631,0.09999999999999999,0.0012087610084563494,-2.9351842385949567e-05,0.0,0.005400960799306631,0.00019850675016641617,0.013960632495582104,0.015088973566889763,0.6708203932499368,0.21516994256955022,0,4,4,0.026999999769032,1,1,1.9745851380439101,0.9832110713720268,0,0,1,0,-0.055125514045357704,0,0,0.0,0,inf,7,0.8571428571428571,0,0,4,0,0
5007,23,0,23,e875635ebf70f848bfda260913a7c221cda4f39d240de8503b73516a44e4e1bf,85327ce11405b195585ae958b01b10b6afb74756d7c98175c161ae1fb0ffb096,1,0.0,0.2,-0.25,0,0,0,0.0,0.0,0.0,0.015707194805145264,0.00035164697328582406,0.022310087457299232,0.02446145750582218,-0.22360679774997894,0.7176856442107861,0,-0.00012316089123487473,0.004154871217906475,0.004560831468552351,0.7071067811865475,0.18169011381620942,0,1.0,-0.00012316089123487473,0.004154871217906475,0.004560831468552351,0.7071067811865475,0.18169011381620942,0,1.0,-0.009334942325949669,0.01015847735106945,0.011024558916687965,0.0,1.0,0,1.0,0.006567610934488309,0.008303795176263801,0.3130945841638795,0,0.006567610934488309,0.008303795176263801,0.39310681377071943,0.7862136275414389,2,0.07300444882256181,0.07571346463544455,0.004481945931407228,0.0010979999799728413,65,2,3,0.010854942724108696,-0.9999999999999999,1.0,1,4,0.004300143680535259,nan,0.5,1.0,-0.22360679774997894,0.022310087457299232,0.015707194805145264,0.7071067811865475,0.004154871217906475,-0.00012316089123487473,1.0,0.015707194805145264,0.00035164697328582406,0.022310087457299232,0.02446145750582218,-0.22360679774997894,0.7176856442107861,0,5,3,0.00599999725818634,1,0,9.60953755466866,3.6183158948275564,0,0,0,0,-0.06206711567938328,0,0,0.0,0,inf,7,0.42857142857142855,0,0,0,0,0
5007,23,1,23,e875635ebf70f848bfda260913a7c221cda4f39d240de8503b73516a44e4e1bf,85327ce11405b195585ae958b01b10b6afb74756d7c98175c161ae1fb0ffb096,1,1.0,0.2,1.0,0,0,0,0.0,0.0,0.0,0.0042368825525045395,2.2976604668656364e-05,0.005590504035353661,0.006397482007741928,0.8944271909999157,0.04051932635383408,0,-0.00017720401228871197,0.0014724477659910917,0.001765971421264112,0.35355339059327373,0.5594043441634877,0,1.0,-0.00017720401228871197,0.0014724477659910917,0.001765971421264112,0.35355339059327373,0.5594043441634877,0,1.0,-0.003085153177380562,0.0034523021895438433,0.00517965666949749,-0.7071067811865475,0.18169011381620942,0,0.0,0.0016965325341763845,0.002091195137739785,0.23081865061420037,0,0.0016965325341763845,0.002091195137739785,0.6395958214998131,1.2791916429996262,2,0.001742862346313464,0.002196394383465158,0.0002842513117669237,0.00023492306452989613,65,2,3,0.0019590193405747414,0.9999999999999999,0.0,0,5,nan,nan,0.0,nan,0.8944271909999157,0.005590504035353661,0.0042368825525045395,0.35355339059327373,0.0014724477659910917,-0.00017720401228871197,1.0,0.0042368825525045395,2.2976604668656364e-05,0.005590504035353661,0.006397482007741928,0.8944271909999157,0.04051932635383408,0,4,4,0.0059999991208314896,1,1,2.379322710110284,0.6530065425420454,0,0,1,0,-0.012193973729154095,0,0,0.0,0,inf,7,1.0,3,0,7,0,0
5007,23,2,23,e875635ebf70f848bfda260913a7c221cda4f39d240de8503b73516a44e4e1bf,85327ce11405b195585ae958b01b10b6afb74756d7c98175c161ae1fb0ffb096,1,1.0,0.2,1.0,0,0,0,0.0,0.0,0.0,0.004984098486602306,0.0002039700048044324,0.013787348754703999,0.015126507729291916,0.6708203932499368,0.21516994256955022,0,0.0002997691335622221,0.0013385735219344497,0.0015049373032525182,0.3,0.623837664781073,0,0.0,0.0002997691335622221,0.0013385735219344497,0.0015049373032525182,0.3,0.623837664781073,0,0.0,-0.001858786097727716,0.005302726291120052,0.007042813580483198,-0.7,0.1881204043741873,0,0.0,0.0037011969966824947,0.00547037400531942,0.1059500770497198,0,0.0037011969966824947,0.00547037400531942,0.5130689291183661,1.0261378582367322,2,0.0046958616433235316,0.0062387830065291664,0.0019451244642748387,0.0010647691697592931,65,2,3,0.012527149636298418,0.9999999999999999,1.0,0,5,nan,nan,0.0,nan,0.6708203932499368,0.013787348754703999,0.004984098486602306,0.3,0.0013385735219344497,0.0002997691335622221,0.0,0.004984098486602306,0.0002039700048044324,0.013787348754703999,0.015126507729291916,0.6708203932499368,0.21516994256955022,0,4,4,0.026999999769032,1,1,1.9718519477180338,0.9987455800981614,0,0,1,0,-0.056627306155860424,0,0,0.0,0,inf,7,0.8571428571428571,0,0,4,0,0
