seed,state_idx,ego_id,top_k,oracle_core_f1,oracle_core_f1_random_baseline,oracle_core_f1_adjusted,dr_applied,dr_applied_rows,dr_clipped_rows,dr_raw_inverse_max,dr_correction_mean,replay_consistency_abs_error,bias,variance,mae,rmse,rank_correlation,p_value,constant_case,signed_bias,signed_mae,signed_rmse,signed_spearman,signed_p_value,signed_constant_case,sign_agreement,direction_row_aipw_signed_bias,direction_row_aipw_signed_mae,direction_row_aipw_signed_rmse,direction_row_aipw_signed_spearman,direction_row_aipw_signed_p_value,direction_row_aipw_signed_constant_case,direction_row_aipw_sign_agreement,direction_crossfit_aipw_signed_bias,direction_crossfit_aipw_signed_mae,direction_crossfit_aipw_signed_rmse,direction_crossfit_aipw_signed_spearman,direction_crossfit_aipw_signed_p_value,direction_crossfit_aipw_signed_constant_case,direction_crossfit_aipw_sign_agreement,q_mae,q_rmse,q_spearman,q_constant_case,q_centered_mae,q_centered_rmse,q_within_state_action_spearman,q_within_state_action_spearman_sum,q_nonconstant_surface_count,q_raw_mae,q_raw_rmse,q_centered_sq_error_sum,q_centered_oracle_sq_sum,q_centered_value_count,capacity_active_count,capacity_null_count,capacity_active_mae,capacity_active_spearman,capacity_null_fpr,direction_active_count,direction_null_count,direction_active_mae,direction_active_spearman,direction_null_fpr,direction_active_sign_agreement,capacity_rank_correlation,capacity_mae,capacity_bias,direction_spearman,direction_mae,direction_bias,direction_sign_agreement,range_bias,range_variance,range_mae,range_rmse,range_rank_correlation,range_p_value,range_constant_case
3005,0,0,1,0.0,0.2,-0.25,0,0,0,0.0,0.0,0.0,-0.003783430904150009,0.0001368777739116922,0.01133729424327612,0.012296020984649658,0.9486832980505138,0.013846832988859059,0,0.002561328001320362,0.004025604110211134,0.004646422807127237,0.21081851067789192,0.7335793204938504,0,1.0,0.002561328001320362,0.004025604110211134,0.004646422807127237,0.21081851067789192,0.7335793204938504,0,1.0,-0.007192251738160849,0.023083876818418503,0.025295954197645187,-0.15811388300841897,0.7995251457913304,0,0.0,0.003128175598193103,0.0039943971370134486,0.13514726569740748,0,0.003128175598193103,0.0039943971370134486,0.3668996928526714,1.1006990785580142,3,0.005342536648207058,0.006638314619515981,0.00103708855173178,0.0010620000016987336,65,3,2,0.012600602892537912,0.8660254037844387,0.5,1,4,0.007531825954932722,nan,0.25,1.0,0.9486832980505138,0.01133729424327612,-0.003783430904150009,0.21081851067789192,0.004025604110211134,0.002561328001320362,1.0,-0.003783430904150009,0.0001368777739116922,0.01133729424327612,0.012296020984649658,0.9486832980505138,0.013846832988859059,0
3005,0,1,1,0.0,0.2,-0.25,0,0,0,0.0,0.0,0.0,0.004002315457910299,0.0001079302019206807,0.008772073313593864,0.011133226566016674,0.7905694150420948,0.11136715471408393,0,0.00037000226438976824,0.0017951962072402239,0.0024461180437356234,0.6668859288553501,0.21889398131323157,0,1.0,0.00037000226438976824,0.0017951962072402239,0.0024461180437356234,0.6668859288553501,0.21889398131323157,0,1.0,0.002731822896748781,0.020329397171735764,0.02486337535083294,-0.35909242322980395,0.5528147466433508,0,0.0,0.0028185909696628714,0.0036964394038696436,0.29797787471299747,0,0.0028185909696628714,0.0036964394038696436,0.5590852462516899,1.6772557387550695,3,0.008210911435218385,0.009200950136842162,0.0008881381773212108,0.0007739999799281367,65,3,2,0.004199918049077193,0.0,1.0,1,4,0.004847035837732258,nan,0.0,1.0,0.7905694150420948,0.008772073313593864,0.004002315457910299,0.6668859288553501,0.0017951962072402239,0.00037000226438976824,1.0,0.004002315457910299,0.0001079302019206807,0.008772073313593864,0.011133226566016674,0.7905694150420948,0.11136715471408393,0
3005,0,2,1,1.0,0.2,1.0,0,0,0,0.0,0.0,0.0,0.0017092202324420214,0.0001789183879736811,0.012211195193231106,0.013484799303114414,0.5642880936468347,0.3217233358243003,0,0.0015687525738030672,0.004897742532193661,0.00680573470890522,-0.10259783520851541,0.8695979205185651,0,1.0,0.0015687525738030672,0.004897742532193661,0.00680573470890522,-0.10259783520851541,0.8695979205185651,0,1.0,-0.24588100612163544,0.24588100612163544,0.24738255143165588,-0.6668859288553501,0.21889398131323157,0,1.0,0.0050884548655970125,0.008167160653656311,-0.0392855629716976,0,0.0050884548655970125,0.008167160653656311,0.19601938713337827,0.5880581614001348,3,0.036660958260136586,0.03801370748782944,0.0043356633542710665,0.0032663074426146953,65,3,2,0.008751646305123964,1.0,1.0,1,4,0.014166471438783312,nan,0.0,1.0,0.5642880936468347,0.012211195193231106,0.0017092202324420214,-0.10259783520851541,0.004897742532193661,0.0015687525738030672,1.0,0.0017092202324420214,0.0001789183879736811,0.012211195193231106,0.013484799303114414,0.5642880936468347,0.3217233358243003,0
3005,1,0,1,0.0,0.2,-0.25,0,0,0,0.0,0.0,0.0,0.012092182412743568,0.00015165834338404238,0.013398858718574047,0.017259176820516586,0.0,1.0,0,0.003606411861255765,0.003606411861255765,0.0038813583087176085,0.7378647873726218,0.15461852312844926,0,1.0,0.003606411861255765,0.003606411861255765,0.0038813583087176085,0.7378647873726218,0.15461852312844926,0,1.0,0.08000756800174713,0.08000756800174713,0.08341482281684875,-0.31622776601683794,0.6041813035905923,0,0.0,0.00438517805784059,0.005847126948337134,0.18403209115863065,0,0.00438517805784059,0.005847126948337134,0.5241424183609592,1.5724272550828777,3,0.005236842318509634,0.006770230559988562,0.002222278080748071,0.0010619999122917735,65,3,2,0.005386016642053922,-0.8660254037844387,1.0,1,4,0.006182296516316448,nan,0.0,1.0,0.0,0.013398858718574047,0.012092182412743568,0.7378647873726218,0.003606411861255765,0.003606411861255765,1.0,0.012092182412743568,0.00015165834338404238,0.013398858718574047,0.017259176820516586,0.0,1.0,0
3005,1,1,1,0.0,0.2,-0.25,0,0,0,0.0,0.0,0.0,0.005938376300036907,0.0001668092590989545,0.011396264657378197,0.014215257950127125,-0.5797509043642028,0.3055749188472384,0,-0.0012908820062875748,0.003262114943936467,0.00370790995657444,0.09999999999999999,0.8728885715695384,0,1.0,-0.0012908820062875748,0.003262114943936467,0.00370790995657444,0.09999999999999999,0.8728885715695384,0,1.0,0.09263405948877335,0.09263405948877335,0.09600718319416046,-0.8999999999999998,0.03738607346849874,0,0.0,0.003866391749529047,0.0046910097277257,0.27847417807353203,0,0.003866391749529047,0.0046910097277257,0.5590852462516899,1.6772557387550695,3,0.005922325240680948,0.007324839868346767,0.0014303621972651145,0.0007739999799281367,65,3,2,0.005098597767452399,0.0,1.0,1,4,0.004928082787804308,nan,0.0,1.0,-0.5797509043642028,0.011396264657378197,0.005938376300036907,0.09999999999999999,0.003262114943936467,-0.0012908820062875748,1.0,0.005938376300036907,0.0001668092590989545,0.011396264657378197,0.014215257950127125,-0.5797509043642028,0.3055749188472384,0
3005,1,2,1,1.0,0.2,1.0,0,0,0,0.0,0.0,0.0,-0.0013902675127610564,0.00018996074504684657,0.013070930726826191,0.013852566480636597,0.8207826816681233,0.08858700531354384,0,-0.0017898653168231249,0.0017898653168231249,0.0019874826539307833,0.7,0.1881204043741873,0,1.0,-0.0017898653168231249,0.0017898653168231249,0.0019874826539307833,0.7,0.1881204043741873,0,1.0,0.038477588444948196,0.038477588444948196,0.045995745807886124,-0.39999999999999997,0.5046315754686912,0,0.0,0.003549928135016779,0.004718182518597276,0.32565861128650025,0,0.003549928135016779,0.004718182518597276,0.645830113067965,1.9374903392038951,3,0.005000731986813032,0.00680081125636289,0.001446981008121801,0.0016047691735590892,65,3,2,0.012050998397171497,1.0,1.0,1,4,0.0016433231152737354,nan,0.0,1.0,0.8207826816681233,0.013070930726826191,-0.0013902675127610564,0.7,0.0017898653168231249,-0.0017898653168231249,1.0,-0.0013902675127610564,0.00018996074504684657,0.013070930726826191,0.013852566480636597,0.8207826816681233,0.08858700531354384,0
3005,2,0,1,0.0,0.2,-0.25,0,0,0,0.0,0.0,0.0,0.019419554620981216,0.0002228380471933633,0.019419554620981216,0.024494023993611336,-0.6155870112510925,0.2689977701158222,0,0.002501562237739563,0.006939548067748547,0.007380716037005186,-0.5642880936468347,0.3217233358243003,0,0.5,0.002501562237739563,0.006939548067748547,0.007380716037005186,-0.5642880936468347,0.3217233358243003,0,0.5,0.06309139728546143,0.06309139728546143,0.0651445984840393,-0.5642880936468347,0.3217233358243003,0,0.0,0.009411655562604673,0.010738601255698785,0.19654495798986032,0,0.009411655562604673,0.010738601255698785,0.37190879844259556,1.1157263953277867,3,0.0563247662395812,0.0574116539932973,0.00749564120037821,0.0010687692217919388,65,3,2,0.007763785620530446,-0.5,1.0,1,4,0.004074462178535729,nan,0.75,1.0,-0.6155870112510925,0.019419554620981216,0.019419554620981216,-0.5642880936468347,0.006939548067748547,0.002501562237739563,0.5,0.019419554620981216,0.0002228380471933633,0.019419554620981216,0.024494023993611336,-0.6155870112510925,0.2689977701158222,0
3005,2,1,1,0.0,0.2,-0.25,0,0,0,0.0,0.0,0.0,0.00955819059163332,0.0001699755375739187,0.012301570735871792,0.016165845096111298,-0.6324555320336759,0.25221549635550466,0,0.0006392595823854208,0.002705844584852457,0.002854044083505869,0.20519567041703082,0.7405819415910723,0,0.5,0.0006392595823854208,0.002705844584852457,0.002854044083505869,0.20519567041703082,0.7405819415910723,0,0.5,0.09768159687519073,0.09768159687519073,0.10003654658794403,-0.8207826816681233,0.08858700531354384,0,0.0,0.003570666058352713,0.004654879620826533,0.27484999956041695,0,0.003570666058352713,0.004654879620826533,0.5560505254028302,1.6681515762084904,3,0.003970396031553929,0.005262187400083254,0.0014084137784851009,0.0007807692123433729,65,3,2,0.003865203820168972,0.8660254037844387,1.0,1,4,0.0021736136185005334,nan,0.0,1.0,-0.6324555320336759,0.012301570735871792,0.00955819059163332,0.20519567041703082,0.002705844584852457,0.0006392595823854208,0.5,0.00955819059163332,0.0001699755375739187,0.012301570735871792,0.016165845096111298,-0.6324555320336759,0.25221549635550466,0
3005,2,2,1,1.0,0.2,1.0,0,0,0,0.0,0.0,0.0,-0.005896151997148991,0.00022357178386300802,0.014993542805314064,0.016072846949100494,0.41039134083406165,0.49253578170279755,0,0.0006901578744873405,0.0009346952429041266,0.001278179232031107,0.44721359549995787,0.45018485575210104,0,1.0,0.0006901578744873405,0.0009346952429041266,0.001278179232031107,0.44721359549995787,0.45018485575210104,0,1.0,0.03554370254278183,0.03554370254278183,0.038209591060876846,-0.44721359549995787,0.45018485575210104,0,0.0,0.0035675157875528,0.005143942096778948,0.2761683791753748,0,0.0035675157875528,0.005143942096778948,0.44935146781192725,1.3480544034357818,3,0.005704294732556893,0.00748054103809608,0.0017199091191759492,0.0016047692014987671,65,3,2,0.01740808008859555,1.0,1.0,1,4,0.00128261534570215,nan,0.0,1.0,0.41039134083406165,0.014993542805314064,-0.005896151997148991,0.44721359549995787,0.0009346952429041266,0.0006901578744873405,1.0,-0.005896151997148991,0.00022357178386300802,0.014993542805314064,0.016072846949100494,0.41039134083406165,0.49253578170279755,0
3005,3,0,1,1.0,0.2,1.0,0,0,0,0.0,0.0,0.0,0.014498169533908367,0.0001125722992583178,0.014498169533908367,0.017965778708457947,0.8720815992723809,0.05385421772754213,0,0.004070390481501818,0.004782279022037983,0.006104240193963051,0.051298917604257706,0.934712848108234,0,0.5,0.004070390481501818,0.004782279022037983,0.006104240193963051,0.051298917604257706,0.934712848108234,0,0.5,0.04697136953473091,0.04697136953473091,0.049614839255809784,-0.6668859288553501,0.21889398131323157,0,0.5,0.0053192055084296235,0.007012687252666884,0.2896398309569453,0,0.0053192055084296235,0.007012687252666884,0.5252140817270101,1.5756422451810304,3,0.006374353199050976,0.007817692664848233,0.00319655586274158,0.0010735384591393777,65,3,2,0.006795594468712807,0.5,1.0,1,4,0.010720731886225538,nan,0.25,0.0,0.8720815992723809,0.014498169533908367,0.014498169533908367,0.051298917604257706,0.004782279022037983,0.004070390481501818,0.5,0.014498169533908367,0.0001125722992583178,0.014498169533908367,0.017965778708457947,0.8720815992723809,0.05385421772754213,0
3005,3,1,1,0.0,0.2,-0.25,0,0,0,0.0,0.0,0.0,0.009833501651883125,0.00014749725232832134,0.013289799913764,0.01562673971056938,0.05270462766947298,0.9329254642331789,0,8.810656436253339e-05,0.002855839906260371,0.003650250378996134,0.9999999999999999,1.4042654220543602e-24,0,1.0,8.810656436253339e-05,0.002855839906260371,0.003650250378996134,0.9999999999999999,1.4042654220543602e-24,0,1.0,0.12467575073242188,0.12467575073242188,0.1250569373369217,0.7,0.1881204043741873,0,0.5,0.005243049242610205,0.006551698516179392,0.32895186710597846,0,0.005243049242610205,0.006551698516179392,0.6120423747087994,1.8361271241263983,3,0.005379943198036367,0.006930972480410792,0.0027901089740489703,0.0007855384411298899,65,3,2,0.006776653540631135,-0.8660254037844387,1.0,1,4,0.00046393983913585284,nan,0.5,1.0,0.05270462766947298,0.013289799913764,0.009833501651883125,0.9999999999999999,0.002855839906260371,8.810656436253339e-05,1.0,0.009833501651883125,0.00014749725232832134,0.013289799913764,0.01562673971056938,0.05270462766947298,0.9329254642331789,0
3005,3,2,1,1.0,0.2,1.0,0,0,0,0.0,0.0,0.0,-0.0015659412601962686,0.0001739047293085605,0.012549984268844128,0.01327994279563427,0.8207826816681233,0.08858700531354384,0,0.0028354451060295105,0.0028854007832705975,0.003464258974418044,0.35909242322980395,0.5528147466433508,0,1.0,0.0028354451060295105,0.0028854007832705975,0.003464258974418044,0.35909242322980395,0.5528147466433508,0,1.0,0.03905978426337242,0.03905978426337242,0.041335172951221466,-0.20519567041703082,0.7405819415910723,0,0.0,0.004684619010376507,0.006122476838187106,0.05328323712244567,0,0.004684619010376507,0.006122476838187106,0.20047974227969959,0.6014392268390988,3,0.00903045034322601,0.010848661188076206,0.0024365069712189427,0.0015989998466558841,65,3,2,0.011763272030899921,1.0,1.0,1,4,0.005557044958154889,nan,0.0,1.0,0.8207826816681233,0.012549984268844128,-0.0015659412601962686,0.35909242322980395,0.0028854007832705975,0.0028354451060295105,1.0,-0.0015659412601962686,0.0001739047293085605,0.012549984268844128,0.01327994279563427,0.8207826816681233,0.08858700531354384,0
3005,4,0,1,1.0,0.2,1.0,0,0,0,0.0,0.0,0.0,0.005852579139173031,0.00014027584984432906,0.011067090556025505,0.01321092527359724,0.6155870112510925,0.2689977701158222,0,0.003967330791056156,0.0048860423266887665,0.005599303636699915,0.41039134083406165,0.49253578170279755,0,0.5,0.003967330791056156,0.0048860423266887665,0.005599303636699915,0.41039134083406165,0.49253578170279755,0,0.5,0.053632836788892746,0.053632836788892746,0.058043744415044785,-0.051298917604257706,0.934712848108234,0,0.5,0.005224267323914717,0.006141645111275465,0.29199318463644064,0,0.005224267323914717,0.006141645111275465,0.42294605561449033,1.268838166843471,3,0.007155012539946116,0.008777252603323165,0.002451787303735498,0.0010677692307772572,65,3,2,0.005653229852517446,0.5,1.0,1,4,0.009991814127564433,nan,0.25,0.0,0.6155870112510925,0.011067090556025505,0.005852579139173031,0.41039134083406165,0.0048860423266887665,0.003967330791056156,0.5,0.005852579139173031,0.00014027584984432906,0.011067090556025505,0.01321092527359724,0.6155870112510925,0.2689977701158222,0
3005,4,1,1,0.0,0.2,-0.25,0,0,0,0.0,0.0,0.0,0.00911653507500887,0.000318479782436043,0.017081890255212784,0.02003973349928856,-0.30779350562554625,0.614384002810333,0,0.0017672762041911483,0.005739388521760702,0.006109544076025486,0.9999999999999999,1.4042654220543602e-24,0,1.0,0.0017672762041911483,0.005739388521760702,0.006109544076025486,0.9999999999999999,1.4042654220543602e-24,0,1.0,-0.1409446746110916,0.1409446746110916,0.145349383354187,-0.9999999999999999,1.4042654220543602e-24,0,0.5,0.006221545715409899,0.007628296196754282,0.3444072829072085,0,0.006221545715409899,0.007628296196754282,0.6218183060991721,1.8654549182975164,3,0.0071051046992159595,0.008741822900487714,0.0037824086862520293,0.001610538428069882,65,3,2,0.008945785618076721,0.5,1.0,1,4,0.004837988716034359,nan,0.75,1.0,-0.30779350562554625,0.017081890255212784,0.00911653507500887,0.9999999999999999,0.005739388521760702,0.0017672762041911483,1.0,0.00911653507500887,0.000318479782436043,0.017081890255212784,0.02003973349928856,-0.30779350562554625,0.614384002810333,0
3005,4,2,1,0.0,0.2,-0.25,0,0,0,0.0,0.0,0.0,-0.0009364288416691124,0.0002057223318843171,0.013355530798435211,0.014373560436069965,0.5642880936468347,0.3217233358243003,0,0.0022102980874478817,0.0026141402777284384,0.002867026487365365,0.20519567041703082,0.7405819415910723,0,1.0,0.0022102980874478817,0.0026141402777284384,0.002867026487365365,0.20519567041703082,0.7405819415910723,0,1.0,0.059765271842479706,0.059765271842479706,0.06265266984701157,-0.8207826816681233,0.08858700531354384,0,0.0,0.0044558555670303,0.005801978860048207,0.14909905797193565,0,0.0044558555670303,0.005801978860048207,0.3020168678802715,0.9060506036408145,3,0.005183544303648747,0.006706606313672051,0.0021880923150090093,0.0016047690777045115,65,3,2,0.011909967133154472,0.5,1.0,1,4,0.0042486555287041365,nan,0.0,1.0,0.5642880936468347,0.013355530798435211,-0.0009364288416691124,0.20519567041703082,0.0026141402777284384,0.0022102980874478817,1.0,-0.0009364288416691124,0.0002057223318843171,0.013355530798435211,0.014373560436069965,0.5642880936468347,0.3217233358243003,0
3005,5,0,1,0.0,0.2,-0.25,0,0,0,0.0,0.0,0.0,0.019204115495085716,0.0002334777673240751,0.019204115495085716,0.024541309103369713,-0.6324555320336759,0.25221549635550466,0,0.0045822798274457455,0.006219835020601749,0.008457733318209648,0.6668859288553501,0.21889398131323157,0,0.5,0.0045822798274457455,0.006219835020601749,0.008457733318209648,0.6668859288553501,0.21889398131323157,0,0.5,0.07799266278743744,0.07799266278743744,0.07955431938171387,-0.6668859288553501,0.21889398131323157,0,0.0,0.007817742226303681,0.00959514243722001,0.2187963694124067,0,0.007817742226303681,0.00959514243722001,0.3995464515562486,1.198639354668746,3,0.049667442217469215,0.050668348905040704,0.005984339295385122,0.0010677694114538628,65,3,2,0.007073890417814255,0.8660254037844387,1.0,1,4,0.0024603814365341953,nan,0.25,1.0,-0.6324555320336759,0.019204115495085716,0.019204115495085716,0.6668859288553501,0.006219835020601749,0.0045822798274457455,0.5,0.019204115495085716,0.0002334777673240751,0.019204115495085716,0.024541309103369713,-0.6324555320336759,0.25221549635550466,0
3005,5,1,1,1.0,0.2,1.0,0,0,0,0.0,0.0,0.0,-0.0008295451989397407,0.00014240475138649344,0.011211910285055637,0.011962144635617733,0.9746794344808964,0.0048182304681985335,0,0.001690688543021679,0.003573701484128833,0.004439000505954027,0.09999999999999999,0.8728885715695384,0,0.5,0.001690688543021679,0.003573701484128833,0.004439000505954027,0.09999999999999999,0.8728885715695384,0,0.5,-0.044694118201732635,0.044694118201732635,0.05820360779762268,-0.09999999999999999,0.8728885715695384,0,1.0,0.005652634998557528,0.00810974762002089,-0.038556154114382644,0,0.005652634998557528,0.00810974762002089,0.2636881079491746,0.7910643238475238,3,0.022864885720460176,0.023518630201879324,0.00427492041992824,0.0032720767741386972,65,3,2,0.01003454594562451,1.0,1.0,1,4,0.005741397973450923,nan,0.25,1.0,0.9746794344808964,0.011211910285055637,-0.0008295451989397407,0.09999999999999999,0.003573701484128833,0.001690688543021679,0.5,-0.0008295451989397407,0.00014240475138649344,0.011211910285055637,0.011962144635617733,0.9746794344808964,0.0048182304681985335,0
3005,5,2,1,1.0,0.2,1.0,0,0,0,0.0,0.0,0.0,-0.0005617624265141785,0.00016375536506529897,0.011967026628553867,0.012809018604457378,0.8207826816681233,0.08858700531354384,0,-0.0005926149897277355,0.0012561946641653776,0.0019066602690145373,0.44721359549995787,0.45018485575210104,0,1.0,-0.0005926149897277355,0.0012561946641653776,0.0019066602690145373,0.44721359549995787,0.45018485575210104,0,1.0,0.08454678952693939,0.08454678952693939,0.08584562689065933,-0.22360679774997894,0.7176856442107861,0,0.0,0.003983478021626113,0.005461654869618836,0.2764519778395516,0,0.003983478021626113,0.005461654869618836,0.5140186724325538,1.5420560172976616,3,0.004359921325857823,0.00582659489771485,0.0019389288044640242,0.0016047692014987671,65,3,2,0.01044065753618876,1.0,1.0,1,4,5.508997277000119e-06,nan,0.0,1.0,0.8207826816681233,0.011967026628553867,-0.0005617624265141785,0.44721359549995787,0.0012561946641653776,-0.0005926149897277355,1.0,-0.0005617624265141785,0.00016375536506529897,0.011967026628553867,0.012809018604457378,0.8207826816681233,0.08858700531354384,0
3005,6,0,1,0.0,0.2,-0.25,0,0,0,0.0,0.0,0.0,0.012158248573541641,0.00012489824439398944,0.012697190046310425,0.01651427522301674,0.6668859288553501,0.21889398131323157,0,0.004640408791601658,0.0065597668290138245,0.007841219194233418,0.20519567041703082,0.7405819415910723,0,0.5,0.004640408791601658,0.0065597668290138245,0.007841219194233418,0.20519567041703082,0.7405819415910723,0,0.5,0.05155186727643013,0.05155186727643013,0.05418124049901962,-0.6668859288553501,0.21889398131323157,0,0.5,0.0059244290633490805,0.007431492827366541,0.26161976770310463,0,0.0059244290633490805,0.007431492827366541,0.3083416405519258,0.9250249216557774,3,0.008574324559706909,0.010263940258836967,0.0035897605668080233,0.0010677692307772572,65,3,2,0.005114337429404259,-0.5,1.0,1,4,0.013803311019577089,nan,0.5,0.0,0.6668859288553501,0.012697190046310425,0.012158248573541641,0.20519567041703082,0.0065597668290138245,0.004640408791601658,0.5,0.012158248573541641,0.00012489824439398944,0.012697190046310425,0.01651427522301674,0.6668859288553501,0.21889398131323157,0
3005,6,1,1,1.0,0.2,1.0,0,0,0,0.0,0.0,0.0,0.006607153918594122,0.0002707508974708617,0.015664484351873398,0.017731480300426483,0.051298917604257706,0.934712848108234,0,0.002336357720196247,0.0047216517850756645,0.004983697552233934,0.9999999999999999,1.4042654220543602e-24,0,1.0,0.002336357720196247,0.0047216517850756645,0.004983697552233934,0.9999999999999999,1.4042654220543602e-24,0,1.0,0.17456169426441193,0.17456169426441193,0.17839649319648743,-0.7,0.1881204043741873,0,0.5,0.0059355130432912065,0.007445864543671878,0.2820318027399981,0,0.0059355130432912065,0.007445864543671878,0.5249496933544915,1.5748490800634745,3,0.006077833325028993,0.007647978101373097,0.0036036584221761517,0.001610538428069882,65,3,2,0.009217652957886457,0.5,1.0,1,4,0.00344896673080153,nan,0.5,1.0,0.051298917604257706,0.015664484351873398,0.006607153918594122,0.9999999999999999,0.0047216517850756645,0.002336357720196247,1.0,0.006607153918594122,0.0002707508974708617,0.015664484351873398,0.017731480300426483,0.051298917604257706,0.934712848108234,0
3005,6,2,1,0.0,0.2,-0.25,0,0,0,0.0,0.0,0.0,-0.0020102455746382475,0.0003165102971252054,0.01577007584273815,0.017903948202729225,0.7181848464596079,0.17179530490798894,0,0.002820126013830304,0.004804018884897232,0.005409541539847851,0.051298917604257706,0.934712848108234,0,0.5,0.002820126013830304,0.004804018884897232,0.005409541539847851,0.051298917604257706,0.934712848108234,0,0.5,0.10551464557647705,0.10551464557647705,0.10683675855398178,-0.8207826816681233,0.08858700531354384,0,0.5,0.005562933219166902,0.006939206477432957,0.2431515877044703,0,0.005562933219166902,0.006939206477432957,0.39809231550739627,1.1942769465221887,3,0.005760530074341939,0.007483646185826558,0.003129918124869088,0.00243553826273864,65,3,2,0.014816935329387585,0.5,1.0,1,4,0.00043396524799844613,nan,0.5,1.0,0.7181848464596079,0.01577007584273815,-0.0020102455746382475,0.051298917604257706,0.004804018884897232,0.002820126013830304,0.5,-0.0020102455746382475,0.0003165102971252054,0.01577007584273815,0.017903948202729225,0.7181848464596079,0.17179530490798894,0
3005,7,0,1,0.0,0.2,-0.25,0,0,0,0.0,0.0,0.0,0.0197222288697958,0.000221216629142873,0.0197222288697958,0.024701882153749466,-0.6324555320336759,0.25221549635550466,0,0.0042375726625323296,0.006106216460466385,0.008593006059527397,0.6668859288553501,0.21889398131323157,0,0.5,0.0042375726625323296,0.006106216460466385,0.008593006059527397,0.6668859288553501,0.21889398131323157,0,0.5,0.0759894996881485,0.0759894996881485,0.0776507705450058,-0.6668859288553501,0.21889398131323157,0,0.0,0.007723033053458795,0.009772309565858044,0.22977163771604917,0,0.007723033053458795,0.009772309565858044,0.3995464515562486,1.198639354668746,3,0.0491949472289819,0.05021872549121299,0.006207372226312442,0.0010677694114538628,65,3,2,0.008043238272269567,0.8660254037844387,1.0,1,4,0.0028472034739330104,nan,0.25,1.0,-0.6324555320336759,0.0197222288697958,0.0197222288697958,0.6668859288553501,0.006106216460466385,0.0042375726625323296,0.5,0.0197222288697958,0.000221216629142873,0.0197222288697958,0.024701882153749466,-0.6324555320336759,0.25221549635550466,0
3005,7,1,1,0.0,0.2,-0.25,0,0,0,0.0,0.0,0.0,0.011934385634958744,0.00024058599956333637,0.017822694033384323,0.019570782780647278,0.3689323936863109,0.5411457083064427,0,-0.003118631662800908,0.005559529177844524,0.005930188111960888,0.8207826816681233,0.08858700531354384,0,1.0,-0.003118631662800908,0.005559529177844524,0.005930188111960888,0.8207826816681233,0.08858700531354384,0,1.0,0.12164129316806793,0.12164129316806793,0.12653173506259918,-0.9746794344808964,0.0048182304681985335,0,0.0,0.0048457904806988835,0.006484225077779478,0.277366982976954,0,0.0048457904806988835,0.006484225077779478,0.5110303332015745,1.5330909996047235,3,0.00833749184026741,0.009920498555776194,0.002732936365854778,0.001598999991942199,65,3,2,0.011733027175068855,0.0,1.0,1,4,0.00862457011695951,nan,0.5,1.0,0.3689323936863109,0.017822694033384323,0.011934385634958744,0.8207826816681233,0.005559529177844524,-0.003118631662800908,1.0,0.011934385634958744,0.00024058599956333637,0.017822694033384323,0.019570782780647278,0.3689323936863109,0.5411457083064427,0
3005,7,2,1,1.0,0.2,1.0,0,0,0,0.0,0.0,0.0,0.0003556456358637661,0.00019529771816451102,0.012872129678726196,0.013979420997202396,0.6668859288553501,0.21889398131323157,0,-0.0003134516591671854,0.0017824291717261076,0.0023869420401751995,0.44721359549995787,0.45018485575210104,0,1.0,-0.0003134516591671854,0.0017824291717261076,0.0023869420401751995,0.44721359549995787,0.45018485575210104,0,1.0,0.10105209052562714,0.10105209052562714,0.10241565853357315,-0.22360679774997894,0.7176856442107861,0,0.0,0.00402673794674417,0.0056575206820575034,0.2792312447484843,0,0.00402673794674417,0.0056575206820575034,0.5314900863779192,1.5944702591337574,3,0.004412357198844592,0.0060471287229223155,0.002080490117414046,0.0016047692014987671,65,3,2,0.010430403364201387,1.0,1.0,1,4,0.0012654971882844184,nan,0.0,1.0,0.6668859288553501,0.012872129678726196,0.0003556456358637661,0.44721359549995787,0.0017824291717261076,-0.0003134516591671854,1.0,0.0003556456358637661,0.00019529771816451102,0.012872129678726196,0.013979420997202396,0.6668859288553501,0.21889398131323157,0
3005,8,0,1,0.0,0.2,-0.25,0,0,0,0.0,0.0,0.0,0.020571529865264893,0.00021975641720928252,0.020571529865264893,0.025356344878673553,-0.7905694150420948,0.11136715471408393,0,0.001754324184730649,0.0036237649619579315,0.003841653000563383,0.6708203932499368,0.21516994256955022,0,0.5,0.001754324184730649,0.0036237649619579315,0.003841653000563383,0.6708203932499368,0.21516994256955022,0,0.5,0.06988692283630371,0.06988692283630371,0.07066809386014938,-0.6708203932499368,0.21516994256955022,0,0.0,0.007906714216227363,0.010037277151581295,0.22804168586457063,0,0.007906714216227363,0.010037277151581295,0.41317012422411764,1.2395103726723529,3,0.04281173738149496,0.04402653275870396,0.006548550620147635,0.0010677694114538628,65,3,2,0.00911632552742958,0.0,1.0,1,4,0.0013678222442045501,nan,0.0,1.0,-0.7905694150420948,0.020571529865264893,0.020571529865264893,0.6708203932499368,0.0036237649619579315,0.001754324184730649,0.5,0.020571529865264893,0.00021975641720928252,0.020571529865264893,0.025356344878673553,-0.7905694150420948,0.11136715471408393,0
3005,8,1,1,0.0,0.2,-0.25,0,0,0,0.0,0.0,0.0,0.008498492650687695,8.849229197949171e-05,0.010290591046214104,0.012677407823503017,0.5797509043642028,0.3055749188472384,0,-0.001545820734463632,0.0021245903335511684,0.0025831623934209347,0.44721359549995787,0.45018485575210104,0,1.0,-0.001545820734463632,0.0021245903335511684,0.0025831623934209347,0.44721359549995787,0.45018485575210104,0,1.0,0.07824912667274475,0.07824912667274475,0.08424828946590424,0.7826237921249264,0.11761376087345812,0,0.0,0.003640249273574432,0.004586234702108337,0.2958326546120549,0,0.003640249273574432,0.004586234702108337,0.5976601950681434,1.7929805852044303,3,0.009047979047486129,0.010187245870558734,0.0013671806682834786,0.0007797691821415848,65,3,2,0.004883890350659688,0.0,1.0,1,4,0.0033606539001688335,nan,0.0,1.0,0.5797509043642028,0.010290591046214104,0.008498492650687695,0.44721359549995787,0.0021245903335511684,-0.001545820734463632,1.0,0.008498492650687695,8.849229197949171e-05,0.010290591046214104,0.012677407823503017,0.5797509043642028,0.3055749188472384,0
3005,8,2,1,1.0,0.2,1.0,0,0,0,0.0,0.0,0.0,0.00010991934686899185,0.00021395410294644535,0.013051243498921394,0.01462758332490921,0.46169025843831935,0.43376615616902764,0,0.0004107147397007793,0.0015744989505037665,0.0016169339651241899,0.6708203932499368,0.21516994256955022,0,1.0,0.0004107147397007793,0.0015744989505037665,0.0016169339651241899,0.6708203932499368,0.21516994256955022,0,1.0,0.11940406262874603,0.11940406262874603,0.1204429492354393,-0.22360679774997894,0.7176856442107861,0,0.0,0.004054105906752792,0.0059227213738180726,0.2577735426405504,0,0.004054105906752792,0.0059227213738180726,0.48044655442516154,1.4413396632754847,3,0.006865896227268072,0.008723210946057693,0.0022801108506722936,0.0016047691735590894,65,3,2,0.010784438190360865,0.5,1.0,1,4,0.0018469446890199397,nan,0.0,1.0,0.46169025843831935,0.013051243498921394,0.00010991934686899185,0.6708203932499368,0.0015744989505037665,0.0004107147397007793,1.0,0.00010991934686899185,0.00021395410294644535,0.013051243498921394,0.01462758332490921,0.46169025843831935,0.43376615616902764,0
3005,9,0,1,0.0,0.2,-0.25,0,0,0,0.0,0.0,0.0,0.008189316838979721,0.0001353371044388041,0.012256848625838757,0.014226806350052357,0.6668859288553501,0.21889398131323157,0,0.0063023641705513,0.0063023641705513,0.007619780022650957,0.22360679774997894,0.7176856442107861,0,0.5,0.0063023641705513,0.0063023641705513,0.007619780022650957,0.22360679774997894,0.7176856442107861,0,0.5,0.04133930802345276,0.04133930802345276,0.044190745800733566,-0.44721359549995787,0.45018485575210104,0,0.5,0.004958057736415835,0.0064215622328490495,0.2594360579889432,0,0.004958057736415835,0.0064215622328490495,0.31426983066480213,0.9428094919944064,3,0.00667674749229963,0.008173988472548908,0.002680369998172963,0.0010677692307772572,65,3,2,0.006724890321493149,-0.5,1.0,1,4,0.014432665287889543,nan,0.5,0.0,0.6668859288553501,0.012256848625838757,0.008189316838979721,0.22360679774997894,0.0063023641705513,0.0063023641705513,0.5,0.008189316838979721,0.0001353371044388041,0.012256848625838757,0.014226806350052357,0.6668859288553501,0.21889398131323157,0
3005,9,1,1,0.0,0.2,-0.25,0,0,0,0.0,0.0,0.0,0.005871153436601162,0.00010159468365600333,0.009916108101606369,0.011664696037769318,0.3689323936863109,0.5411457083064427,0,0.0009001700091175735,0.002298512030392885,0.002698028925806284,0.3,0.623837664781073,0,0.5,0.0009001700091175735,0.002298512030392885,0.002698028925806284,0.3,0.623837664781073,0,0.5,0.03411727771162987,0.0489378347992897,0.051065392792224884,-0.7,0.1881204043741873,0,0.0,0.0036439789891705883,0.004404202177322717,0.30608386577488944,0,0.0036439789891705883,0.004404202177322717,0.5976601950681434,1.7929805852044303,3,0.005480223415920941,0.006734073559699309,0.0012608047932177202,0.0007797691678851864,65,3,2,0.005024351800481479,0.0,1.0,1,4,0.0013429372906828205,nan,0.0,1.0,0.3689323936863109,0.009916108101606369,0.005871153436601162,0.3,0.002298512030392885,0.0009001700091175735,0.5,0.005871153436601162,0.00010159468365600333,0.009916108101606369,0.011664696037769318,0.3689323936863109,0.5411457083064427,0
3005,9,2,1,1.0,0.2,1.0,0,0,0,0.0,0.0,0.0,-1.0387971997261047e-05,0.00022641313262283802,0.014001038856804371,0.015047035180032253,0.41039134083406165,0.49253578170279755,0,0.006073492579162121,0.006073492579162121,0.007023199461400509,-0.15389675281277312,0.8048288166080632,0,0.0,0.006073492579162121,0.006073492579162121,0.007023199461400509,-0.15389675281277312,0.8048288166080632,0,0.0,0.07284580171108246,0.07284580171108246,0.07634513080120087,-0.8207826816681233,0.08858700531354384,0,0.0,0.004983953741439701,0.006681902302509756,-0.03003871722599356,0,0.004983953741439701,0.006681902302509756,0.073072426127661,0.219217278382983,3,0.0055210884875403,0.0071864142832953155,0.0029021081947185365,0.0016047690777045115,65,3,2,0.011676188713560501,1.0,1.0,1,4,0.010447242424766034,nan,0.5,0.0,0.41039134083406165,0.014001038856804371,-1.0387971997261047e-05,-0.15389675281277312,0.006073492579162121,0.006073492579162121,0.0,-1.0387971997261047e-05,0.00022641313262283802,0.014001038856804371,0.015047035180032253,0.41039134083406165,0.49253578170279755,0
3005,10,0,1,0.0,0.2,-0.25,0,0,0,0.0,0.0,0.0,0.021763494238257408,0.00021010483033023775,0.021763494238257408,0.02614869922399521,-0.6324555320336759,0.25221549635550466,0,-0.0008231589454226196,0.0024662583600729704,0.0029386295937001705,0.20519567041703082,0.7405819415910723,0,0.5,-0.0008231589454226196,0.0024662583600729704,0.0029386295937001705,0.20519567041703082,0.7405819415910723,0,0.5,0.05992310121655464,0.05992310121655464,0.06167415529489517,-0.35909242322980395,0.5528147466433508,0,0.0,0.007796004881872933,0.010081660456632554,0.25268640978153517,0,0.007796004881872933,0.010081660456632554,0.4267937968919866,1.2803813906759598,3,0.0456410521068252,0.0467783933583047,0.006606592041583854,0.0010677694114538628,65,3,2,0.010418836027383804,0.8660254037844387,1.0,1,4,0.0019492320263757995,nan,0.25,1.0,-0.6324555320336759,0.021763494238257408,0.021763494238257408,0.20519567041703082,0.0024662583600729704,-0.0008231589454226196,0.5,0.021763494238257408,0.00021010483033023775,0.021763494238257408,0.02614869922399521,-0.6324555320336759,0.25221549635550466,0
3005,10,1,1,0.0,0.2,-0.25,0,0,0,0.0,0.0,0.0,0.009552231058478355,8.704559149919078e-05,0.010734199546277523,0.013352555222809315,0.5797509043642028,0.3055749188472384,0,-0.002033309545367956,0.002497978275641799,0.002937778364866972,0.6,0.28475697986529386,0,1.0,-0.002033309545367956,0.002497978275641799,0.002937778364866972,0.6,0.28475697986529386,0,1.0,0.0718889981508255,0.0718889981508255,0.07892707735300064,-0.3,0.623837664781073,0,0.0,0.0036772211479034634,0.004606264063127346,0.25315562822343096,0,0.0036772211479034634,0.004606264063127346,0.5976601950681434,1.7929805852044303,3,0.005380769180381041,0.006471356807739723,0.0013791484602517989,0.0007797691813177245,65,3,2,0.004701631609350443,0.0,1.0,1,4,0.0030264860471710536,nan,0.0,1.0,0.5797509043642028,0.010734199546277523,0.009552231058478355,0.6,0.002497978275641799,-0.002033309545367956,1.0,0.009552231058478355,8.704559149919078e-05,0.010734199546277523,0.013352555222809315,0.5797509043642028,0.3055749188472384,0
3005,10,2,1,1.0,0.2,1.0,0,0,0,0.0,0.0,0.0,0.000802418973762542,0.00022577012714464217,0.013354847207665443,0.015047060325741768,0.46169025843831935,0.43376615616902764,0,-0.00037010179948993027,0.0011452962644398212,0.0012738157529383898,0.6708203932499368,0.21516994256955022,0,1.0,-0.00037010179948993027,0.0011452962644398212,0.0012738157529383898,0.6708203932499368,0.21516994256955022,0,1.0,0.10173539817333221,0.10173539817333221,0.10272031277418137,-0.22360679774997894,0.7176856442107861,0,0.0,0.004010669971794199,0.0059699525143142645,0.24551136357786196,0,0.004010669971794199,0.0059699525143142645,0.4146730282937152,1.2440190848811457,3,0.004534859739046973,0.006407546267231572,0.0023166216465058684,0.0016047692014987671,65,3,2,0.010460357492168745,0.5,1.0,1,4,0.001571348644062302,nan,0.0,1.0,0.46169025843831935,0.013354847207665443,0.000802418973762542,0.6708203932499368,0.0011452962644398212,-0.00037010179948993027,1.0,0.000802418973762542,0.00022577012714464217,0.013354847207665443,0.015047060325741768,0.46169025843831935,0.43376615616902764,0
3005,11,0,1,0.0,0.2,-0.25,0,0,0,0.0,0.0,0.0,0.008190174587070942,0.00013579532969743013,0.012269037775695324,0.014243394136428833,0.6668859288553501,0.21889398131323157,0,0.0062710875645279884,0.0062710875645279884,0.007585873827338219,0.22360679774997894,0.7176856442107861,0,0.5,0.0062710875645279884,0.0062710875645279884,0.007585873827338219,0.22360679774997894,0.7176856442107861,0,0.5,0.04151776432991028,0.04151776432991028,0.04435773566365242,-0.44721359549995787,0.45018485575210104,0,0.5,0.004948096310157748,0.00640635055609444,0.25577763522106234,0,0.004948096310157748,0.00640635055609444,0.31426983066480213,0.9428094919944064,3,0.006605145693398439,0.008102808133320384,0.0026676862840921503,0.0010677692307772572,65,3,2,0.006720216323932012,-0.5,1.0,1,4,0.014410705167241397,nan,0.5,0.0,0.6668859288553501,0.012269037775695324,0.008190174587070942,0.22360679774997894,0.0062710875645279884,0.0062710875645279884,0.5,0.008190174587070942,0.00013579532969743013,0.012269037775695324,0.014243394136428833,0.6668859288553501,0.21889398131323157,0
3005,11,1,1,0.0,0.2,-0.25,0,0,0,0.0,0.0,0.0,0.007875567302107811,0.00010292077058693394,0.010378013364970684,0.01284310407936573,0.5797509043642028,0.3055749188472384,0,0.0006266256095841527,0.002392085501924157,0.002556797582656145,0.39999999999999997,0.5046315754686912,0,0.5,0.0006266256095841527,0.002392085501924157,0.002556797582656145,0.39999999999999997,0.5046315754686912,0,0.5,0.07128923386335373,0.07128923386335373,0.07896006852388382,-0.39999999999999997,0.5046315754686912,0,0.5,0.0034345824766033413,0.0043855325739178795,0.3068573218459668,0,0.0034345824766033413,0.0043855325739178795,0.5938124537906471,1.7814373613719412,3,0.005388590848395744,0.006463064330414213,0.0012501382371981609,0.0007797691678851864,65,3,2,0.004586418780187766,0.0,1.0,1,4,0.0019396767616128643,nan,0.0,1.0,0.5797509043642028,0.010378013364970684,0.007875567302107811,0.39999999999999997,0.002392085501924157,0.0006266256095841527,0.5,0.007875567302107811,0.00010292077058693394,0.010378013364970684,0.01284310407936573,0.5797509043642028,0.3055749188472384,0
3005,11,2,1,0.0,0.2,-0.25,0,0,0,0.0,0.0,0.0,0.00039824433042667806,0.00024865110754035413,0.014257820323109627,0.015773704275488853,0.20519567041703082,0.7405819415910723,0,0.003239145502448082,0.003239145502448082,0.0034708392340689898,0.20519567041703082,0.7405819415910723,0,1.0,0.003239145502448082,0.003239145502448082,0.0034708392340689898,0.20519567041703082,0.7405819415910723,0,1.0,0.10112927854061127,0.10112927854061127,0.1021847203373909,-0.8207826816681233,0.08858700531354384,0,0.0,0.004435414410907136,0.006145287366071841,0.12227095667616973,0,0.004435414410907136,0.006145287366071841,0.2945857736977975,0.8837573210933924,3,0.005093623264334522,0.006817472376251938,0.002454696192754142,0.0016047690777045115,65,3,2,0.01154964587961634,1.0,1.0,1,4,0.0035253294156291186,nan,0.0,1.0,0.20519567041703082,0.014257820323109627,0.00039824433042667806,0.20519567041703082,0.003239145502448082,0.003239145502448082,1.0,0.00039824433042667806,0.00024865110754035413,0.014257820323109627,0.015773704275488853,0.20519567041703082,0.7405819415910723,0
3005,12,0,1,0.0,0.2,-0.25,0,0,0,0.0,0.0,0.0,0.007779510226100683,0.00013177396613173187,0.011988657526671886,0.013867038302123547,0.6324555320336759,0.25221549635550466,0,0.006248163990676403,0.006248163990676403,0.0074623399414122105,0.39999999999999997,0.5046315754686912,0,0.5,0.006248163990676403,0.006248163990676403,0.0074623399414122105,0.39999999999999997,0.5046315754686912,0,0.5,0.04296841099858284,0.04296841099858284,0.045766349881887436,-0.09999999999999999,0.8728885715695384,0,0.5,0.004722441095836769,0.006267064963516503,0.15302367820974522,0,0.004722441095836769,0.006267064963516503,0.31426983066480213,0.9428094919944064,3,0.0068964682949277075,0.00831213256896695,0.0025529467117008466,0.0010677691413702958,65,3,2,0.006665688628951709,-0.8660254037844387,1.0,1,4,0.014216476784030412,nan,0.25,0.0,0.6324555320336759,0.011988657526671886,0.007779510226100683,0.39999999999999997,0.006248163990676403,0.006248163990676403,0.5,0.007779510226100683,0.00013177396613173187,0.011988657526671886,0.013867038302123547,0.6324555320336759,0.25221549635550466,0
3005,12,1,1,0.0,0.2,-0.25,0,0,0,0.0,0.0,0.0,0.007440091576427221,9.628404950490221e-05,0.010111844167113304,0.01231417991220951,0.5797509043642028,0.3055749188472384,0,0.0005671255639754236,0.002425138372927904,0.00260133552365005,0.0,1.0,0,0.5,0.0005671255639754236,0.002425138372927904,0.00260133552365005,0.0,1.0,0,0.5,0.07504045218229294,0.07504045218229294,0.08263246715068817,-0.7999999999999999,0.10408803866182788,0,0.5,0.00331042153628532,0.004245511319633588,0.2815164528303219,0,0.00331042153628532,0.004245511319633588,0.5938124537906471,1.7814373613719412,3,0.004324562901344437,0.005329264508314064,0.0011715838137339005,0.0007797691678851868,65,3,2,0.004728279076516628,0.0,1.0,1,4,0.0022898238604888294,nan,0.0,1.0,0.5797509043642028,0.010111844167113304,0.007440091576427221,0.0,0.002425138372927904,0.0005671255639754236,0.5,0.007440091576427221,9.628404950490221e-05,0.010111844167113304,0.01231417991220951,0.5797509043642028,0.3055749188472384,0
3005,12,2,1,1.0,0.2,1.0,0,0,0,0.0,0.0,0.0,0.004321620799601078,0.0001190455150208436,0.009300755336880684,0.011735498905181885,0.8207826816681233,0.08858700531354384,0,-0.0016982455272227526,0.0029043518006801605,0.0033660850021988153,-0.44721359549995787,0.45018485575210104,0,1.0,-0.0016982455272227526,0.0029043518006801605,0.0033660850021988153,-0.44721359549995787,0.45018485575210104,0,1.0,0.11427690833806992,0.11427690833806992,0.11521196365356445,-0.8944271909999157,0.04051932635383408,0,0.0,0.00411852313200089,0.005954529296359595,0.26237056090428545,0,0.00411852313200089,0.005954529296359595,0.5350734392828969,1.6052203178486906,3,0.04257095554449524,0.04299805384677286,0.002304667244178305,0.0016047690703972096,65,3,2,0.0041492776945233345,1.0,1.0,1,4,0.0028256402623338187,nan,0.25,1.0,0.8207826816681233,0.009300755336880684,0.004321620799601078,-0.44721359549995787,0.0029043518006801605,-0.0016982455272227526,1.0,0.004321620799601078,0.0001190455150208436,0.009300755336880684,0.011735498905181885,0.8207826816681233,0.08858700531354384,0
3005,13,0,1,0.0,0.2,-0.25,0,0,0,0.0,0.0,0.0,0.039865147322416306,0.00022907895618118346,0.039865147322416306,0.04264163225889206,-0.31622776601683794,0.6041813035905923,0,0.021159138530492783,0.021159138530492783,0.02362091839313507,0.46169025843831935,0.43376615616902764,0,0.5,0.021159138530492783,0.021159138530492783,0.02362091839313507,0.46169025843831935,0.43376615616902764,0,0.5,0.06711605936288834,0.06711605936288834,0.06820090115070343,-0.15389675281277312,0.8048288166080632,0,0.5,0.013454388549755269,0.016454173967882985,0.08376788836139419,0,0.013454388549755269,0.016454173967882985,0.0664832650834881,0.1994497952504643,3,0.06634432694129198,0.0684231724145578,0.017598089662748274,0.0010677691893692643,65,3,2,0.02765278269847234,0.8660254037844387,1.0,1,4,0.02197064920458941,nan,0.75,0.0,-0.31622776601683794,0.039865147322416306,0.039865147322416306,0.46169025843831935,0.021159138530492783,0.021159138530492783,0.5,0.039865147322416306,0.00022907895618118346,0.039865147322416306,0.04264163225889206,-0.31622776601683794,0.6041813035905923,0
3005,13,1,1,0.0,0.2,-0.25,0,0,0,0.0,0.0,0.0,0.0070940107107162476,9.353110363008454e-05,0.010034357197582722,0.011994002386927605,0.5797509043642028,0.3055749188472384,0,-0.0006670418661087751,0.0018913641106337309,0.0020110278856009245,0.35909242322980395,0.5528147466433508,0,1.0,-0.0006670418661087751,0.0018913641106337309,0.0020110278856009245,0.35909242322980395,0.5528147466433508,0,1.0,0.09377904236316681,0.09377904236316681,0.0960654616355896,-0.35909242322980395,0.5528147466433508,0,0.5,0.0032804467461826884,0.004129425622973736,0.2922071539114422,0,0.0032804467461826884,0.004129425622973736,0.5938124537906471,1.7814373613719412,3,0.01593018506873005,0.017137194415605184,0.0011083901384186818,0.0007797692376627404,65,3,2,0.00506771511087815,0.0,1.0,1,4,0.0027775513604140004,nan,0.0,1.0,0.5797509043642028,0.010034357197582722,0.0070940107107162476,0.35909242322980395,0.0018913641106337309,-0.0006670418661087751,1.0,0.0070940107107162476,9.353110363008454e-05,0.010034357197582722,0.011994002386927605,0.5797509043642028,0.3055749188472384,0
3005,13,2,1,1.0,0.2,1.0,0,0,0,0.0,0.0,0.0,0.0007365718483924866,0.00022694382641930133,0.013490824028849602,0.015082650817930698,0.5642880936468347,0.3217233358243003,0,0.002541567664593458,0.002541567664593458,0.002939305268228054,0.5642880936468347,0.3217233358243003,0,1.0,0.002541567664593458,0.002541567664593458,0.002939305268228054,0.5642880936468347,0.3217233358243003,0,1.0,0.11166514456272125,0.11166514456272125,0.11221649497747421,-0.6668859288553501,0.21889398131323157,0,0.0,0.0043276035717341324,0.006143960984713143,0.1680862228138285,0,0.0043276035717341324,0.006143960984713143,0.34315227425639705,1.0294568227691911,3,0.010402007658894246,0.012071172503528594,0.0024536366778090237,0.0016047690553527905,65,3,2,0.010628543018052975,1.0,1.0,1,4,0.0014769710944392382,nan,0.0,1.0,0.5642880936468347,0.013490824028849602,0.0007365718483924866,0.5642880936468347,0.002541567664593458,0.002541567664593458,1.0,0.0007365718483924866,0.00022694382641930133,0.013490824028849602,0.015082650817930698,0.5642880936468347,0.3217233358243003,0
3005,14,0,1,0.0,0.2,-0.25,0,0,0,0.0,0.0,0.0,0.007348479237407446,0.00014031708997208625,0.012201102450489998,0.013939770869910717,0.5642880936468347,0.3217233358243003,0,0.002195032313466072,0.002716019283980131,0.0033395704813301563,0.09999999999999999,0.8728885715695384,0,0.5,0.002195032313466072,0.002716019283980131,0.0033395704813301563,0.09999999999999999,0.8728885715695384,0,0.5,0.025651132687926292,0.025651132687926292,0.029254140332341194,-0.19999999999999998,0.7470600781046621,0,0.0,0.0037382378160248143,0.004930959079634438,0.15085083444060382,0,0.0037382378160248143,0.004930959079634438,0.46695507594355184,1.4008652278306555,3,0.0052535565283436045,0.006942116244574491,0.001580433233926905,0.0010677691965332475,65,3,2,0.0070160192747910815,-1.0,1.0,1,4,0.006018134032318805,nan,0.0,1.0,0.5642880936468347,0.012201102450489998,0.007348479237407446,0.09999999999999999,0.002716019283980131,0.002195032313466072,0.5,0.007348479237407446,0.00014031708997208625,0.012201102450489998,0.013939770869910717,0.5642880936468347,0.3217233358243003,0
3005,14,1,1,1.0,0.2,1.0,0,0,0,0.0,0.0,0.0,0.00837247259914875,9.173531725537032e-05,0.010011729784309864,0.012721383944153786,0.7378647873726218,0.15461852312844926,0,0.0010747528867796063,0.001539257587864995,0.001791096874512732,0.7,0.1881204043741873,0,1.0,0.0010747528867796063,0.001539257587864995,0.001791096874512732,0.7,0.1881204043741873,0,1.0,0.05329923704266548,0.05812609940767288,0.0632430911064148,0.7999999999999999,0.10408803866182788,0,0.5,0.00379002359172208,0.004665600437802126,0.2562933180813117,0,0.00379002359172208,0.004665600437802126,0.5976601950681434,1.7929805852044303,3,0.006442089208688301,0.00757380644702264,0.0014149087839392602,0.0007797691813177245,65,3,2,0.003930993843823671,0.8660254037844387,1.0,1,4,0.001144427478872237,nan,0.0,1.0,0.7378647873726218,0.010011729784309864,0.00837247259914875,0.7,0.001539257587864995,0.0010747528867796063,1.0,0.00837247259914875,9.173531725537032e-05,0.010011729784309864,0.012721383944153786,0.7378647873726218,0.15461852312844926,0
3005,14,2,1,1.0,0.2,1.0,0,0,0,0.0,0.0,0.0,-0.0001020681083900854,0.00018504771287553012,0.012560630217194557,0.013603607192635536,0.5642880936468347,0.3217233358243003,0,0.0006219977512955666,0.001270718639716506,0.001526569714769721,0.10540925533894596,0.8660377229253148,0,1.0,0.0006219977512955666,0.001270718639716506,0.001526569714769721,0.10540925533894596,0.8660377229253148,0,1.0,0.05808516591787338,0.05808516591787338,0.059077586978673935,-0.3689323936863109,0.5411457083064427,0,0.0,0.0038118904877726826,0.005780881222860451,0.20053261543942033,0,0.0038118904877726826,0.005780881222860451,0.41577934980453496,1.2473380494136048,3,0.004464896926163839,0.006298264672145367,0.0021722082013333355,0.0016047692014987671,65,3,2,0.010552247986197472,1.0,1.0,1,4,0.0020975570574259545,nan,0.0,1.0,0.5642880936468347,0.012560630217194557,-0.0001020681083900854,0.10540925533894596,0.001270718639716506,0.0006219977512955666,1.0,-0.0001020681083900854,0.00018504771287553012,0.012560630217194557,0.013603607192635536,0.5642880936468347,0.3217233358243003,0
3005,15,0,1,1.0,0.2,1.0,0,0,0,0.0,0.0,0.0,0.03661167994141579,0.0001995378697756678,0.03661167994141579,0.03924223408102989,0.0,1.0,0,0.01863681897521019,0.01878153160214424,0.020967531949281693,-0.051298917604257706,0.934712848108234,0,0.5,0.01863681897521019,0.01878153160214424,0.020967531949281693,-0.051298917604257706,0.934712848108234,0,0.5,0.05954233556985855,0.05954233556985855,0.06159193068742752,-0.6668859288553501,0.21889398131323157,0,0.5,0.01265183611299027,0.015358779595032233,0.1246983326385421,0,0.01265183611299027,0.015358779595032233,0.13252117958745305,0.3975635387623591,3,0.07485604194942146,0.0764526273655475,0.0153329871921706,0.0010677694114538628,65,3,2,0.02542290339867274,0.8660254037844387,1.0,1,4,0.02187383170370011,nan,0.75,0.0,0.0,0.03661167994141579,0.03661167994141579,-0.051298917604257706,0.01878153160214424,0.01863681897521019,0.5,0.03661167994141579,0.0001995378697756678,0.03661167994141579,0.03924223408102989,0.0,1.0,0
3005,15,1,1,0.0,0.2,-0.25,0,0,0,0.0,0.0,0.0,0.008925126865506172,9.39054079935886e-05,0.010402224026620388,0.01317434199154377,0.5797509043642028,0.3055749188472384,0,-0.0018366228323429823,0.0018366228323429823,0.002200456103309989,0.39999999999999997,0.5046315754686912,0,0.5,-0.0018366228323429823,0.0018366228323429823,0.002200456103309989,0.39999999999999997,0.5046315754686912,0,0.5,0.0777672752737999,0.0777672752737999,0.08479808270931244,-0.7,0.1881204043741873,0,0.5,0.003448692071058694,0.004338313236121929,0.31377292906971754,0,0.003448692071058694,0.004338313236121929,0.6074361264585161,1.8223083793755483,3,0.006506095359173532,0.0076453848970676475,0.001223362512756197,0.0007797691678851864,65,3,2,0.004219062936802705,0.0,1.0,1,4,0.0028322404846405705,nan,0.0,1.0,0.5797509043642028,0.010402224026620388,0.008925126865506172,0.39999999999999997,0.0018366228323429823,-0.0018366228323429823,0.5,0.008925126865506172,9.39054079935886e-05,0.010402224026620388,0.01317434199154377,0.5797509043642028,0.3055749188472384,0
3005,15,2,1,0.0,0.2,-0.25,0,0,0,0.0,0.0,0.0,0.0011776660103350878,0.0002514548832550645,0.014182580634951591,0.015900999307632446,0.20519567041703082,0.7405819415910723,0,0.0014571500942111015,0.00174964708276093,0.0019575050100684166,0.39999999999999997,0.5046315754686912,0,1.0,0.0014571500942111015,0.00174964708276093,0.0019575050100684166,0.39999999999999997,0.5046315754686912,0,1.0,0.10474346578121185,0.10474346578121185,0.10577722638845444,-0.7,0.1881204043741873,0,0.0,0.004102173593644736,0.00596651029334623,0.16408193231299803,0,0.004102173593644736,0.00596651029334623,0.3780951021471277,1.1342853064413831,3,0.00465152754734915,0.006311363444418102,0.0023139509302394228,0.0016047690777045115,65,3,2,0.01083742935831348,1.0,1.0,1,4,0.0014583325357534586,nan,0.0,1.0,0.20519567041703082,0.014182580634951591,0.0011776660103350878,0.39999999999999997,0.00174964708276093,0.0014571500942111015,1.0,0.0011776660103350878,0.0002514548832550645,0.014182580634951591,0.015900999307632446,0.20519567041703082,0.7405819415910723,0
3005,16,0,1,1.0,0.2,1.0,0,0,0,0.0,0.0,0.0,0.037220895290374756,0.00020691943063866347,0.037220895290374756,0.03990381583571434,0.0,1.0,0,0.019018856808543205,0.019274739548563957,0.021480388939380646,0.22360679774997894,0.7176856442107861,0,0.5,0.019018856808543205,0.019274739548563957,0.021480388939380646,0.22360679774997894,0.7176856442107861,0,0.5,0.0526868999004364,0.0526868999004364,0.056046538054943085,-0.44721359549995787,0.45018485575210104,0,0.5,0.012857606537977115,0.015564404707924407,0.12662680355494438,0,0.012857606537977115,0.015564404707924407,0.13252117958745305,0.3975635387623591,3,0.06797560017156894,0.06977358080486697,0.015746295104283863,0.0010677694114538628,65,3,2,0.025761434187491734,0.8660254037844387,1.0,1,4,0.02179584927055983,nan,0.75,0.0,0.0,0.037220895290374756,0.037220895290374756,0.22360679774997894,0.019274739548563957,0.019018856808543205,0.5,0.037220895290374756,0.00020691943063866347,0.037220895290374756,0.03990381583571434,0.0,1.0,0
3005,16,1,1,0.0,0.2,-0.25,0,0,0,0.0,0.0,0.0,0.007829302921891212,9.540066093904898e-05,0.010330595076084137,0.01251793373376131,0.3689323936863109,0.5411457083064427,0,-0.0011418075300753117,0.0017576331738382578,0.00197789934463799,0.35909242322980395,0.5528147466433508,0,1.0,-0.0011418075300753117,0.0017576331738382578,0.00197789934463799,0.35909242322980395,0.5528147466433508,0,1.0,0.07220339775085449,0.07220339775085449,0.08037422597408295,-0.9746794344808964,0.0048182304681985335,0,0.5,0.0033544982394986076,0.004179575214252287,0.28434898664026914,0,0.0033544982394986076,0.004179575214252287,0.5938124537906471,1.7814373613719412,3,0.01219912451118804,0.013232359880783074,0.0011354751831534836,0.0007797691657359803,65,3,2,0.004911702126264572,0.0,1.0,1,4,0.0028079832568621357,nan,0.0,1.0,0.3689323936863109,0.010330595076084137,0.007829302921891212,0.35909242322980395,0.0017576331738382578,-0.0011418075300753117,1.0,0.007829302921891212,9.540066093904898e-05,0.010330595076084137,0.01251793373376131,0.3689323936863109,0.5411457083064427,0
3005,16,2,1,0.0,0.2,-0.25,0,0,0,0.0,0.0,0.0,0.0009128078818321228,0.0002427847357466817,0.014027017168700695,0.015608265995979309,0.20519567041703082,0.7405819415910723,0,0.0023458264768123627,0.0023475538473576307,0.0028929596301168203,0.46169025843831935,0.43376615616902764,0,1.0,0.0023458264768123627,0.0023475538473576307,0.0028929596301168203,0.46169025843831935,0.43376615616902764,0,1.0,0.09841588884592056,0.09841588884592056,0.10006874054670334,-0.35909242322980395,0.5528147466433508,0,0.0,0.004306897598169964,0.006126617495262709,0.16801797830598691,0,0.004306897598169964,0.006126617495262709,0.3606236882017624,1.0818710646052871,3,0.006507066973986534,0.008357842714178292,0.0024398037256618426,0.0016047690162372262,65,3,2,0.010928508049498001,1.0,1.0,1,4,0.001446365506330937,nan,0.0,1.0,0.20519567041703082,0.014027017168700695,0.0009128078818321228,0.46169025843831935,0.0023475538473576307,0.0023458264768123627,1.0,0.0009128078818321228,0.0002427847357466817,0.014027017168700695,0.015608265995979309,0.20519567041703082,0.7405819415910723,0
3005,17,0,1,0.0,0.2,-0.25,0,0,0,0.0,0.0,0.0,0.008028438314795494,0.00013704037701245397,0.012253616005182266,0.01419493556022644,0.5642880936468347,0.3217233358243003,0,0.0020973666105419397,0.0025229942984879017,0.003270331770181656,0.3,0.623837664781073,0,0.5,0.0020973666105419397,0.0025229942984879017,0.003270331770181656,0.3,0.623837664781073,0,0.5,0.04186633601784706,0.04186633601784706,0.04429049789905548,-0.3,0.623837664781073,0,0.0,0.003713357993043386,0.005018715782445206,0.16689289375745625,0,0.003713357993043386,0.005018715782445206,0.4631073346660555,1.3893220039981666,3,0.004748335803070894,0.00644343268911633,0.001637188026822699,0.0010677691965332475,65,3,2,0.006697431827584903,-1.0,1.0,1,4,0.006346782285662805,nan,0.0,1.0,0.5642880936468347,0.012253616005182266,0.008028438314795494,0.3,0.0025229942984879017,0.0020973666105419397,0.5,0.008028438314795494,0.00013704037701245397,0.012253616005182266,0.01419493556022644,0.5642880936468347,0.3217233358243003,0
3005,17,1,1,0.0,0.2,-0.25,0,0,0,0.0,0.0,0.0,0.0064556836150586605,8.817486377665773e-05,0.009778897278010845,0.011395206674933434,0.3689323936863109,0.5411457083064427,0,0.0007339242147281766,0.0011722800554707646,0.001344352145679295,0.39999999999999997,0.5046315754686912,0,1.0,0.0007339242147281766,0.0011722800554707646,0.001344352145679295,0.39999999999999997,0.5046315754686912,0,1.0,0.06648321449756622,0.06648321449756622,0.07315759360790253,0.6,0.28475697986529386,0,0.0,0.0036521836265249277,0.004399484663217701,0.2510881581620367,0,0.0036521836265249277,0.004399484663217701,0.5976601950681434,1.7929805852044303,3,0.00604621950411596,0.007216700474842211,0.0012581052446227045,0.0007797691813177245,65,3,2,0.005223637912422419,0.0,1.0,1,4,7.44505306705806e-05,nan,0.0,1.0,0.3689323936863109,0.009778897278010845,0.0064556836150586605,0.39999999999999997,0.0011722800554707646,0.0007339242147281766,1.0,0.0064556836150586605,8.817486377665773e-05,0.009778897278010845,0.011395206674933434,0.3689323936863109,0.5411457083064427,0
3005,17,2,1,1.0,0.2,1.0,0,0,0,0.0,0.0,0.0,0.0007118635112419724,0.00014849418948870152,0.011011035181581974,0.012206594459712505,0.9746794344808964,0.0048182304681985335,0,0.0016765830805525184,0.0027287648990750313,0.0031660289969295263,-0.26352313834736496,0.6683968370871738,0,1.0,0.0016765830805525184,0.0027287648990750313,0.0031660289969295263,-0.26352313834736496,0.6683968370871738,0,1.0,0.07070949673652649,0.07070949673652649,0.07094661891460419,0.05270462766947298,0.9329254642331789,0,0.0,0.0042316908104284585,0.006162587684547857,0.10861828837971714,0,0.0042316908104284585,0.006162587684547857,0.2501314027892128,0.7503942083676384,3,0.0046190044368044116,0.00646758159186091,0.0024685366530331596,0.0016047692014987671,65,3,2,0.00858264354368051,1.0,1.0,1,4,0.005220571466055342,nan,0.0,1.0,0.9746794344808964,0.011011035181581974,0.0007118635112419724,-0.26352313834736496,0.0027287648990750313,0.0016765830805525184,1.0,0.0007118635112419724,0.00014849418948870152,0.011011035181581974,0.012206594459712505,0.9746794344808964,0.0048182304681985335,0
3005,18,0,1,1.0,0.2,1.0,0,0,0,0.0,0.0,0.0,0.03690227121114731,0.00019943845109082758,0.03690227121114731,0.03951222822070122,0.0,1.0,0,0.01884973794221878,0.01900375634431839,0.02121054194867611,-0.051298917604257706,0.934712848108234,0,0.5,0.01884973794221878,0.01900375634431839,0.02121054194867611,-0.051298917604257706,0.934712848108234,0,0.5,0.05892802029848099,0.05892802029848099,0.060998257249593735,-0.6668859288553501,0.21889398131323157,0,0.5,0.012739949104150194,0.015471615291316581,0.12798807714299307,0,0.012739949104150194,0.015471615291316581,0.13252117958745305,0.3975635387623591,3,0.07532373127491715,0.07693301018109866,0.015559107181962569,0.0010677694114538628,65,3,2,0.02571403980255127,0.8660254037844387,1.0,1,4,0.022185683205164952,nan,0.75,0.0,0.0,0.03690227121114731,0.03690227121114731,-0.051298917604257706,0.01900375634431839,0.01884973794221878,0.5,0.03690227121114731,0.00019943845109082758,0.03690227121114731,0.03951222822070122,0.0,1.0,0
3005,18,1,1,0.0,0.2,-0.25,0,0,0,0.0,0.0,0.0,0.008623755536973476,9.45144347497262e-05,0.010234272107481956,0.012995521537959576,0.5797509043642028,0.3055749188472384,0,-0.001676808693446219,0.0016925070667639375,0.0020716649014502764,0.39999999999999997,0.5046315754686912,0,0.5,-0.001676808693446219,0.0016925070667639375,0.0020716649014502764,0.39999999999999997,0.5046315754686912,0,0.5,0.07951144129037857,0.07951144129037857,0.08640043437480927,-0.7,0.1881204043741873,0,0.5,0.0033702423134763567,0.004228278812720653,0.30726679858947836,0,0.0033702423134763567,0.004228278812720653,0.6249075404038814,1.8747226212116441,3,0.006546611551983425,0.007654030406146607,0.0011620922116766545,0.0007797691678851864,65,3,2,0.004105606426795323,0.0,1.0,1,4,0.002689734160885783,nan,0.0,1.0,0.5797509043642028,0.010234272107481956,0.008623755536973476,0.39999999999999997,0.0016925070667639375,-0.001676808693446219,0.5,0.008623755536973476,9.45144347497262e-05,0.010234272107481956,0.012995521537959576,0.5797509043642028,0.3055749188472384,0
3005,18,2,1,0.0,0.2,-0.25,0,0,0,0.0,0.0,0.0,0.0012290816521272063,0.00025289400946348906,0.014217105694115162,0.015950066968798637,0.20519567041703082,0.7405819415910723,0,0.0013937114272266626,0.0016757609555497766,0.0018703654641285539,0.39999999999999997,0.5046315754686912,0,1.0,0.0013937114272266626,0.0016757609555497766,0.0018703654641285539,0.39999999999999997,0.5046315754686912,0,1.0,0.10533963143825531,0.10533963143825531,0.10636760294437408,-0.7,0.1881204043741873,0,0.0,0.004097253747681189,0.005971544597056151,0.1680952022257826,0,0.004097253747681189,0.005971544597056151,0.3780951021471277,1.1342853064413831,3,0.00460644900583877,0.00627405993397483,0.0023178574168509825,0.0016047690777045115,65,3,2,0.010823352728039026,1.0,1.0,1,4,0.0014015768067338168,nan,0.0,1.0,0.20519567041703082,0.014217105694115162,0.0012290816521272063,0.39999999999999997,0.0016757609555497766,0.0013937114272266626,1.0,0.0012290816521272063,0.00025289400946348906,0.014217105694115162,0.015950066968798637,0.20519567041703082,0.7405819415910723,0
3005,19,0,1,0.0,0.2,-0.25,0,0,0,0.0,0.0,0.0,0.008039218373596668,0.00013691678759641945,0.012252205051481724,0.014196683652698994,0.5642880936468347,0.3217233358243003,0,0.002089312532916665,0.002524870214983821,0.003266860730946064,0.3,0.623837664781073,0,0.5,0.002089312532916665,0.002524870214983821,0.003266860730946064,0.3,0.623837664781073,0,0.5,0.041988588869571686,0.041988588869571686,0.04440608248114586,-0.3,0.623837664781073,0,0.0,0.0037089769017590573,0.00501702377199598,0.16689289375745625,0,0.0037089769017590573,0.00501702377199598,0.4631073346660555,1.3893220039981666,3,0.004764756309584929,0.006466500809199435,0.00163608428937023,0.0010677691965332475,65,3,2,0.006691984211405118,-1.0,1.0,1,4,0.006345601019392227,nan,0.0,1.0,0.5642880936468347,0.012252205051481724,0.008039218373596668,0.3,0.002524870214983821,0.002089312532916665,0.5,0.008039218373596668,0.00013691678759641945,0.012252205051481724,0.014196683652698994,0.5642880936468347,0.3217233358243003,0
3005,19,1,1,1.0,0.2,1.0,0,0,0,0.0,0.0,0.0,0.008356345817446709,8.776399045018479e-05,0.00988982804119587,0.012553584761917591,0.7378647873726218,0.15461852312844926,0,0.0009875858668237925,0.0016176613280549645,0.0018253193702548742,0.7,0.1881204043741873,0,1.0,0.0009875858668237925,0.0016176613280549645,0.0018253193702548742,0.7,0.1881204043741873,0,1.0,0.07942863553762436,0.07942863553762436,0.08590446412563324,-0.09999999999999999,0.8728885715695384,0,0.0,0.003518985147924113,0.0043322456248169,0.26037961184971453,0,0.003518985147924113,0.0043322456248169,0.5976601950681434,1.7929805852044303,3,0.00578937698692943,0.006804526073306232,0.0012199428899934363,0.0007797691813177245,65,3,2,0.0038539225546022258,0.8660254037844387,1.0,1,4,0.001422091059945521,nan,0.0,1.0,0.7378647873726218,0.00988982804119587,0.008356345817446709,0.7,0.0016176613280549645,0.0009875858668237925,1.0,0.008356345817446709,8.776399045018479e-05,0.00988982804119587,0.012553584761917591,0.7378647873726218,0.15461852312844926,0
3005,19,2,1,1.0,0.2,1.0,0,0,0,0.0,0.0,0.0,0.000336635101120919,0.00023234941181726754,0.013585731387138367,0.01524672843515873,0.46169025843831935,0.43376615616902764,0,0.00013374476111494005,0.0005999047425575554,0.0007527247071266174,0.31622776601683794,0.6041813035905923,0,1.0,0.00013374476111494005,0.0005999047425575554,0.0007527247071266174,0.31622776601683794,0.6041813035905923,0,1.0,0.1041397675871849,0.1041397675871849,0.10508863627910614,-0.31622776601683794,0.6041813035905923,0,0.0,0.003932305947139022,0.0059804025713235285,0.24423516958906633,0,0.003932305947139022,0.0059804025713235285,0.4332507637499002,1.2997522912497006,3,0.004516149715681632,0.006397211670963279,0.0023247389694810495,0.0016047692014987671,65,3,2,0.011040914803743362,0.5,1.0,1,4,0.00010863901974203331,nan,0.0,1.0,0.46169025843831935,0.013585731387138367,0.000336635101120919,0.31622776601683794,0.0005999047425575554,0.00013374476111494005,1.0,0.000336635101120919,0.00023234941181726754,0.013585731387138367,0.01524672843515873,0.46169025843831935,0.43376615616902764,0
3005,20,0,1,1.0,0.2,1.0,0,0,0,0.0,0.0,0.0,0.012526330538094044,0.00013895626761950552,0.013183003291487694,0.017200732603669167,0.7905694150420948,0.11136715471408393,0,-0.0030149747617542744,0.0030149747617542744,0.003787167137488723,0.051298917604257706,0.934712848108234,0,1.0,-0.0030149747617542744,0.0030149747617542744,0.003787167137488723,0.051298917604257706,0.934712848108234,0,1.0,0.13667280972003937,0.13667280972003937,0.13808314502239227,-0.35909242322980395,0.5528147466433508,0,0.0,0.006362531456776713,0.007373408242715748,0.29245792382619157,0,0.006362531456776713,0.007373408242715748,0.5976601950681434,1.7929805852044303,3,0.01118473113680151,0.013395366783441517,0.003533864692393655,0.0010677692848656108,65,3,2,0.004405564318100612,0.8660254037844387,1.0,1,4,0.0018457515617832515,nan,0.25,1.0,0.7905694150420948,0.013183003291487694,0.012526330538094044,0.051298917604257706,0.0030149747617542744,-0.0030149747617542744,1.0,0.012526330538094044,0.00013895626761950552,0.013183003291487694,0.017200732603669167,0.7905694150420948,0.11136715471408393,0
3005,20,1,1,1.0,0.2,1.0,0,0,0,0.0,0.0,0.0,0.008793486282229424,8.984984742710367e-05,0.010272198356688023,0.012929626740515232,0.7378647873726218,0.15461852312844926,0,0.0008368046255782247,0.001661631977185607,0.0018324485281482339,0.6,0.28475697986529386,0,1.0,0.0008368046255782247,0.001661631977185607,0.0018324485281482339,0.6,0.28475697986529386,0,1.0,0.1176660880446434,0.1176660880446434,0.12153039872646332,-0.3,0.623837664781073,0,0.0,0.003686421597652005,0.00451174830058115,0.25135571311115834,0,0.003686421597652005,0.00451174830058115,0.5976601950681434,1.7929805852044303,3,0.006049955055081787,0.006992801140089147,0.001323131727306798,0.0007797691813177245,65,3,2,0.004181471187621355,0.8660254037844387,1.0,1,4,0.0020620679935440395,nan,0.0,1.0,0.7378647873726218,0.010272198356688023,0.008793486282229424,0.6,0.001661631977185607,0.0008368046255782247,1.0,0.008793486282229424,8.984984742710367e-05,0.010272198356688023,0.012929626740515232,0.7378647873726218,0.15461852312844926,0
3005,20,2,1,1.0,0.2,1.0,0,0,0,0.0,0.0,0.0,9.130872786045074e-05,0.0002303274377482012,0.013589626178145409,0.01517681684345007,0.46169025843831935,0.43376615616902764,0,-0.00012523277837317437,0.0008386960253119469,0.0009268990834243596,0.31622776601683794,0.6041813035905923,0,1.0,-0.00012523277837317437,0.0008386960253119469,0.0009268990834243596,0.31622776601683794,0.6041813035905923,0,1.0,0.14187073707580566,0.14187073707580566,0.14321957528591156,-0.31622776601683794,0.6041813035905923,0,0.0,0.003972132640343831,0.005894849721559038,0.2717442400142166,0,0.003972132640343831,0.005894849721559038,0.4654521718739542,1.3963565156218627,3,0.004353754366233121,0.0062327380475764435,0.0022587014605847037,0.0016047692014987671,65,3,2,0.01124859849611918,0.5,1.0,1,4,0.0005625237330937598,nan,0.0,1.0,0.46169025843831935,0.013589626178145409,9.130872786045074e-05,0.31622776601683794,0.0008386960253119469,-0.00012523277837317437,1.0,9.130872786045074e-05,0.0002303274377482012,0.013589626178145409,0.01517681684345007,0.46169025843831935,0.43376615616902764,0
3005,21,0,1,0.0,0.2,-0.25,0,0,0,0.0,0.0,0.0,0.008657203055918217,0.00013140150986146182,0.012102065607905388,0.014364841394126415,0.6668859288553501,0.21889398131323157,0,0.00554204685613513,0.005627310834825039,0.007249148096889257,0.22360679774997894,0.7176856442107861,0,0.5,0.00554204685613513,0.005627310834825039,0.007249148096889257,0.22360679774997894,0.7176856442107861,0,0.5,0.04206959158182144,0.04206959158182144,0.0449235625565052,-0.44721359549995787,0.45018485575210104,0,0.5,0.004855200042121509,0.006330642928539123,0.2659021075321744,0,0.004855200042121509,0.006330642928539123,0.3415171760005402,1.0245515280016206,3,0.0062514024858291335,0.007773160050957466,0.002605007592763057,0.0010677692307772572,65,3,2,0.006233181183536847,-0.5,1.0,1,4,0.014067325602658096,nan,0.25,0.0,0.6668859288553501,0.012102065607905388,0.008657203055918217,0.22360679774997894,0.005627310834825039,0.00554204685613513,0.5,0.008657203055918217,0.00013140150986146182,0.012102065607905388,0.014364841394126415,0.6668859288553501,0.21889398131323157,0
3005,21,1,1,0.0,0.2,-0.25,0,0,0,0.0,0.0,0.0,0.00803991686552763,9.279236837755889e-05,0.010030808858573437,0.01254721637815237,0.5797509043642028,0.3055749188472384,0,-0.0009068733779713511,0.0021554413251578808,0.002351406030356884,0.49999999999999994,0.3910022189557703,0,1.0,-0.0009068733779713511,0.0021554413251578808,0.002351406030356884,0.49999999999999994,0.3910022189557703,0,1.0,0.0807025283575058,0.0807025283575058,0.08753366768360138,-0.39999999999999997,0.5046315754686912,0,0.5,0.003258224573405184,0.004087744224440964,0.31593405632713967,0,0.003258224573405184,0.004087744224440964,0.6249075404038814,1.8747226212116441,3,0.006532215378963604,0.007583540263755657,0.00108612743488928,0.0007797691678851864,65,3,2,0.004227642590800921,0.0,1.0,1,4,0.0022517378106569966,nan,0.0,1.0,0.5797509043642028,0.010030808858573437,0.00803991686552763,0.49999999999999994,0.0021554413251578808,-0.0009068733779713511,1.0,0.00803991686552763,9.279236837755889e-05,0.010030808858573437,0.01254721637815237,0.5797509043642028,0.3055749188472384,0
3005,21,2,1,0.0,0.2,-0.25,0,0,0,0.0,0.0,0.0,0.0012700490187853575,0.00024016352836042643,0.013810770586133003,0.015549165196716785,0.20519567041703082,0.7405819415910723,0,0.002421812154352665,0.002935289405286312,0.0031048294622451067,0.3,0.623837664781073,0,1.0,0.002421812154352665,0.002935289405286312,0.0031048294622451067,0.3,0.623837664781073,0,1.0,0.1055128201842308,0.1055128201842308,0.10653898864984512,-0.7,0.1881204043741873,0,0.0,0.00430652297228663,0.006101600960818899,0.1527231623174199,0,0.00430652297228663,0.006101600960818899,0.3470000155338934,1.0410000466016802,3,0.004808235822173839,0.006502432293446372,0.002419919728529297,0.0016047690777045115,65,3,2,0.010450600801656643,1.0,1.0,1,4,0.0026218945970185696,nan,0.0,1.0,0.20519567041703082,0.013810770586133003,0.0012700490187853575,0.3,0.002935289405286312,0.002421812154352665,1.0,0.0012700490187853575,0.00024016352836042643,0.013810770586133003,0.015549165196716785,0.20519567041703082,0.7405819415910723,0
3005,22,0,1,0.0,0.2,-0.25,0,0,0,0.0,0.0,0.0,0.021031906828284264,0.0002220538881374523,0.021031906828284264,0.025775860995054245,-0.7905694150420948,0.11136715471408393,0,0.000581425498239696,0.0018622169736772776,0.002369294175878167,0.051298917604257706,0.934712848108234,0,0.5,0.000581425498239696,0.0018622169736772776,0.002369294175878167,0.051298917604257706,0.934712848108234,0,0.5,0.05924702808260918,0.05924702808260918,0.060984160751104355,-0.5642880936468347,0.3217233358243003,0,0.0,0.007778462216522567,0.010114295191044231,0.22999851664739057,0,0.007778462216522567,0.010114295191044231,0.41069309282995964,1.2320792784898789,3,0.04660987988687479,0.04772611488039568,0.00664943286875273,0.0010677694114538628,65,3,2,0.009408498803774515,0.0,1.0,1,4,0.0032607749583199314,nan,0.0,1.0,-0.7905694150420948,0.021031906828284264,0.021031906828284264,0.051298917604257706,0.0018622169736772776,0.000581425498239696,0.5,0.021031906828284264,0.0002220538881374523,0.021031906828284264,0.025775860995054245,-0.7905694150420948,0.11136715471408393,0
3005,22,1,1,1.0,0.2,1.0,0,0,0,0.0,0.0,0.0,0.00859013944864273,8.833112951833755e-05,0.010106220841407776,0.012732699513435364,0.7378647873726218,0.15461852312844926,0,-0.00033066925243474543,0.0017350285779684782,0.0018834846559911966,0.49999999999999994,0.3910022189557703,0,1.0,-0.00033066925243474543,0.0017350285779684782,0.0018834846559911966,0.49999999999999994,0.3910022189557703,0,1.0,0.0818309411406517,0.0818309411406517,0.08809901028871536,-0.3,0.623837664781073,0,0.0,0.0034915601300108713,0.0043082051535898,0.2570716597514837,0,0.0034915601300108713,0.0043082051535898,0.5976601950681434,1.7929805852044303,3,0.006125427592689028,0.007123438044227913,0.0012064410569521513,0.0007797691813177245,65,3,2,0.004114819535364707,0.8660254037844387,1.0,1,4,0.0019200925236567828,nan,0.0,1.0,0.7378647873726218,0.010106220841407776,0.00859013944864273,0.49999999999999994,0.0017350285779684782,-0.00033066925243474543,1.0,0.00859013944864273,8.833112951833755e-05,0.010106220841407776,0.012732699513435364,0.7378647873726218,0.15461852312844926,0
3005,22,2,1,1.0,0.2,1.0,0,0,0,0.0,0.0,0.0,0.0009936668211594224,0.00023230018268804997,0.013557584956288338,0.015273753553628922,0.46169025843831935,0.43376615616902764,0,-0.0001900396018754691,0.0009752220357768238,0.0010987729765474796,0.5270462766947299,0.3614548502018726,0,1.0,-0.0001900396018754691,0.0009752220357768238,0.0010987729765474796,0.5270462766947299,0.3614548502018726,0,1.0,0.10560142993927002,0.10560142993927002,0.10653957724571228,-0.31622776601683794,0.6041813035905923,0,0.0,0.00398430379504371,0.0060377553547549334,0.24831899035321234,0,0.00398430379504371,0.0060377553547549334,0.40104935562584626,1.2031480668775387,3,0.004629853397357063,0.006485864643943393,0.0023695418320516712,0.0016047692014987671,65,3,2,0.010469932109117508,0.5,1.0,1,4,0.0005399438172722076,nan,0.0,1.0,0.46169025843831935,0.013557584956288338,0.0009936668211594224,0.5270462766947299,0.0009752220357768238,-0.0001900396018754691,1.0,0.0009936668211594224,0.00023230018268804997,0.013557584956288338,0.015273753553628922,0.46169025843831935,0.43376615616902764,0
3005,23,0,1,0.0,0.2,-0.25,0,0,0,0.0,0.0,0.0,0.02101144939661026,0.00022235431242734194,0.02101144939661026,0.02576499991118908,-0.7905694150420948,0.11136715471408393,0,0.0005390284932218492,0.0018606337253004313,0.0023367067333310843,0.051298917604257706,0.934712848108234,0,0.5,0.0005390284932218492,0.0018606337253004313,0.0023367067333310843,0.051298917604257706,0.934712848108234,0,0.5,0.05932386964559555,0.05932386964559555,0.06105882301926613,-0.5642880936468347,0.3217233358243003,0,0.0,0.00777313041351956,0.010110466172274884,0.22999851664739057,0,0.00777313041351956,0.010110466172274884,0.41069309282995964,1.2320792784898789,3,0.04650047507423621,0.04761833267090384,0.006644399204346458,0.0010677694114538628,65,3,2,0.009379275143146515,0.0,1.0,1,4,0.0032109105506911567,nan,0.0,1.0,-0.7905694150420948,0.02101144939661026,0.02101144939661026,0.051298917604257706,0.0018606337253004313,0.0005390284932218492,0.5,0.02101144939661026,0.00022235431242734194,0.02101144939661026,0.02576499991118908,-0.7905694150420948,0.11136715471408393,0
3005,23,1,1,1.0,0.2,1.0,0,0,0,0.0,0.0,0.0,0.008585097268223763,8.822508971206844e-05,0.010104040615260601,0.012725131586194038,0.7378647873726218,0.15461852312844926,0,-0.0003390104975551367,0.0017367955297231674,0.001878921058960259,0.49999999999999994,0.3910022189557703,0,1.0,-0.0003390104975551367,0.0017367955297231674,0.001878921058960259,0.49999999999999994,0.3910022189557703,0,1.0,0.08252127468585968,0.08252127468585968,0.08874060213565826,-0.3,0.623837664781073,0,0.0,0.0034909787687015604,0.004300214900477686,0.2567554584479763,0,0.0034909787687015604,0.004300214900477686,0.5976601950681434,1.7929805852044303,3,0.006214921575827668,0.0072181390594917,0.0012019701323688701,0.0007797691813177245,65,3,2,0.00411835794026653,0.8660254037844387,1.0,1,4,0.001927501194737849,nan,0.0,1.0,0.7378647873726218,0.010104040615260601,0.008585097268223763,0.49999999999999994,0.0017367955297231674,-0.0003390104975551367,1.0,0.008585097268223763,8.822508971206844e-05,0.010104040615260601,0.012725131586194038,0.7378647873726218,0.15461852312844926,0
3005,23,2,1,1.0,0.2,1.0,0,0,0,0.0,0.0,0.0,0.0010379437590017915,0.00023242481984198093,0.013552816584706306,0.015280777588486671,0.46169025843831935,0.43376615616902764,0,-0.0001978418295038864,0.0009803243447095156,0.0011124183656647801,0.5270462766947299,0.3614548502018726,0,1.0,-0.0001978418295038864,0.0009803243447095156,0.0011124183656647801,0.5270462766947299,0.3614548502018726,0,1.0,0.10591550171375275,0.10591550171375275,0.10685088485479355,-0.31622776601683794,0.6041813035905923,0,0.0,0.0039887247860608014,0.006044649040965437,0.24667411810098686,0,0.0039887247860608014,0.006044649040965437,0.40104935562584626,1.2031480668775387,3,0.004635342693207069,0.0064935899448053495,0.0023749558318488843,0.0016047692014987671,65,3,2,0.010429061328371366,0.5,1.0,1,4,0.0005237378731513236,nan,0.0,1.0,0.46169025843831935,0.013552816584706306,0.0010379437590017915,0.5270462766947299,0.0009803243447095156,-0.0001978418295038864,1.0,0.0010379437590017915,0.00023242481984198093,0.013552816584706306,0.015280777588486671,0.46169025843831935,0.43376615616902764,0
